TEAM,YEAR,PLAYER_ID,PLAYER,TWO_WAY,NUM,POSITION,HEIGHT,WEIGHT,BIRTH_DATE,EXP,SCHOOL
ATL,21-22,barbeca01,Cat Barber,False,5,PG,6-2,180,"July 25, 1994",R,NC State
ATL,21-22,bogdabo01,Bogdan Bogdanović,False,13,SG,6-5,225,"August 18, 1992",4,
ATL,21-22,brownch05,Chaundee Brown Jr.,False,45,SG,6-5,215,"December 4, 1998",R,"Wake Forest,Michigan"
ATL,21-22,capelca01,Clint Capela,False,15,C,6-10,256,"May 18, 1994",7,
ATL,21-22,collijo01,John Collins,False,20,PF,6-9,226,"September 23, 1997",4,Wake Forest
ATL,21-22,coopesh01,Sharife Cooper,False,2,PG,6-0,176,"June 11, 2001",R,Auburn
ATL,21-22,dienggo01,Gorgui Dieng,False,10,C,6-10,252,"January 18, 1990",8,Louisville
ATL,21-22,gallida01,Danilo Gallinari,False,8,PF,6-10,236,"August 8, 1988",12,
ATL,21-22,hillma01,Malcolm Hill,False,14,SG,6-6,220,"October 26, 1995",R,Illinois
ATL,21-22,hillso01,Solomon Hill,False,18,SF,6-6,226,"March 18, 1991",8,Arizona
ATL,21-22,huertke01,Kevin Huerter,False,3,SF,6-6,198,"August 27, 1998",3,Maryland
ATL,21-22,huntede01,De'Andre Hunter,False,12,SF,6-7,221,"December 2, 1997",2,Virginia
ATL,21-22,iwundwe01,Wes Iwundu,False,24,SF,6-6,195,"December 20, 1994",4,Kansas State
ATL,21-22,johnsja05,Jalen Johnson,False,1,PF,6-8,219,"December 18, 2001",R,Duke
ATL,21-22,knoxke01,Kevin Knox,False,5,SF,6-8,215,"August 11, 1999",3,Kentucky
ATL,21-22,luwawti01,Timothé Luwawu-Cabarrot,False,7,SF,6-7,210,"May 9, 1995",5,
ATL,21-22,mayssk01,Skylar Mays,False,4,SG,6-4,205,"September 5, 1997",1,LSU
ATL,21-22,okongon01,Onyeka Okongwu,False,17,C,6-10,240,"December 11, 2000",1,USC
ATL,21-22,oliveca01,Cameron Oliver,False,49,SF,6-8,225,"July 11, 1996",1,Nevada
ATL,21-22,reddica01,Cam Reddish,False,22,SF,6-7,230,"September 1, 1999",2,Duke
ATL,21-22,stephla01,Lance Stephenson,False,33,SG,6-6,230,"September 5, 1990",9,Cincinnati
ATL,21-22,willilo02,Lou Williams,False,6,PG,6-2,175,"October 27, 1986",16,
ATL,21-22,wrighde01,Delon Wright,False,0,SG,6-4,185,"April 26, 1992",6,Utah
ATL,21-22,youngtr01,Trae Young,False,11,PG,6-2,164,"September 19, 1998",3,Oklahoma
BOS,21-22,brownja02,Jaylen Brown,False,7,SF,6-6,223,"October 24, 1996",5,California
BOS,21-22,fernabr01,Bruno Fernando,False,28,C,6-9,240,"August 15, 1998",2,Maryland
BOS,21-22,fittsma01,Malik Fitts,False,8,PF,6-5,230,"July 4, 1997",1,"South Florida,Saint Mary's"
BOS,21-22,kanteen01,Enes Freedom,False,13,C,6-10,250,"May 20, 1992",10,Kentucky
BOS,21-22,hausesa01,Sam Hauser,False,30,SF,6-7,217,"December 8, 1997",R,"Marquette,Virginia"
BOS,21-22,hernaju01,Juancho Hernangómez,False,41,PF,6-9,214,"September 28, 1995",5,
BOS,21-22,horfoal01,Al Horford,False,42,C,6-8,240,"June 3, 1986",14,Florida
BOS,21-22,jacksju01,Justin Jackson,False,43,SF,6-8,220,"March 28, 1995",4,UNC
BOS,21-22,johnsjo02,Joe Johnson,False,55,SG,6-7,240,"June 29, 1981",17,Arkansas
BOS,21-22,kornelu01,Luke Kornet,False,40,C,7-1,250,"July 15, 1995",4,Vanderbilt
BOS,21-22,langfro01,Romeo Langford,False,9,SG,6-5,216,"October 25, 1999",2,Indiana
BOS,21-22,martike03,Kelan Martin,False,4,SF,6-5,230,"August 3, 1995",2,Butler
BOS,21-22,milescj01,C.J. Miles,False,50,SG,6-6,220,"March 18, 1987",15,
BOS,21-22,morgaju01,Juwan Morgan,False,4,PF,6-7,232,"April 17, 1997",2,Indiana
BOS,21-22,nesmiaa01,Aaron Nesmith,False,26,SF,6-5,215,"October 16, 1999",1,Vanderbilt
BOS,21-22,parkeja01,Jabari Parker,False,20,PF,6-7,245,"March 15, 1995",7,Duke
BOS,21-22,pritcpa01,Payton Pritchard,False,11,PG,6-1,195,"January 28, 1998",1,Oregon
BOS,21-22,richajo01,Josh Richardson,False,8,SG,6-5,200,"September 15, 1993",6,Tennessee
BOS,21-22,ryanma01,Matt Ryan,False,37,SF,6-6,215,"April 17, 1997",R,"Notre Dame,Vanderbilt,Chattanooga"
BOS,21-22,schrode01,Dennis Schröder,False,71,PG,6-1,175,"September 15, 1993",8,
BOS,21-22,smartma01,Marcus Smart,False,36,PG,6-3,220,"March 6, 1994",7,Oklahoma State
BOS,21-22,stausni01,Nik Stauskas,False,13,SG,6-6,205,"October 7, 1993",5,Michigan
BOS,21-22,tatumja01,Jayson Tatum,False,0,SF,6-8,210,"March 3, 1998",4,Duke
BOS,21-22,theisda01,Daniel Theis,False,27,C,6-8,245,"April 4, 1992",4,
BOS,21-22,thomabr01,Brodric Thomas,False,97,SG,6-5,185,"January 28, 1997",1,Truman State University
BOS,21-22,whitede01,Derrick White,False,9,SG,6-4,190,"July 2, 1994",4,"Colorado-Colorado Springs,Colorado"
BOS,21-22,willigr01,Grant Williams,False,12,PF,6-7,236,"November 30, 1998",2,Tennessee
BOS,21-22,williro04,Robert Williams,False,44,C,6-9,249,"October 17, 1997",3,Texas A&M
BRK,21-22,aldrila01,LaMarcus Aldridge,False,21,C,6-11,250,"July 19, 1985",15,Texas
BRK,21-22,bembrde01,DeAndre' Bembry,False,95,SF,6-5,210,"July 4, 1994",5,Saint Joseph's
BRK,21-22,brownbr01,Bruce Brown,False,1,SF,6-4,202,"August 15, 1996",3,Miami (FL)
BRK,21-22,carteje01,Jevon Carter,False,0,PG,6-0,200,"September 14, 1995",3,West Virginia
BRK,21-22,claxtni01,Nic Claxton,False,33,C,6-11,215,"April 17, 1999",2,Georgia
BRK,21-22,curryse01,Seth Curry,False,30,SG,6-1,185,"August 23, 1990",7,"Liberty,Duke"
BRK,21-22,dragigo01,Goran Dragić,False,9,PG,6-4,190,"May 6, 1986",13,
BRK,21-22,drumman01,Andre Drummond,False,"0, 4",C,6-11,279,"August 10, 1993",9,UConn
BRK,21-22,dukeda01,David Duke Jr.,False,6,PG,6-4,204,"October 13, 1999",R,Providence
BRK,21-22,duranke01,Kevin Durant,False,7,PF,6-11,240,"September 29, 1988",13,Texas
BRK,21-22,edwarke02,Kessler Edwards,False,14,SF,6-8,203,"August 9, 2000",R,Pepperdine
BRK,21-22,ennisja01,James Ennis III,False,10,SF,6-6,215,"July 1, 1990",7,Cal State Long Beach
BRK,21-22,gabriwe01,Wenyen Gabriel,False,34,PF,6-9,205,"March 26, 1997",2,Kentucky
BRK,21-22,gallola01,Langston Galloway,False,9,SG,6-1,200,"December 9, 1991",7,Saint Joseph's
BRK,21-22,griffbl01,Blake Griffin,False,2,C,6-9,250,"March 16, 1989",11,Oklahoma
BRK,21-22,hardeja01,James Harden,False,13,PG,6-5,220,"August 26, 1989",12,Arizona State
BRK,21-22,harrijo01,Joe Harris,False,12,SF,6-6,220,"September 6, 1991",7,Virginia
BRK,21-22,harrish01,Shaquille Harrison,False,4,SG,6-4,195,"October 6, 1993",4,Tulsa
BRK,21-22,irvinky01,Kyrie Irving,False,11,PG,6-2,195,"March 23, 1992",10,Duke
BRK,21-22,johnsja01,James Johnson,False,16,PF,6-7,240,"February 20, 1987",12,Wake Forest
BRK,21-22,millspa02,Patty Mills,False,8,SG,6-2,180,"August 11, 1988",12,Saint Mary's
BRK,21-22,millspa01,Paul Millsap,False,31,C,6-7,257,"February 10, 1985",15,Louisiana Tech
BRK,21-22,sharpda01,Day'Ron Sharpe,False,20,PF,6-10,265,"November 6, 2001",R,UNC
BRK,21-22,thomaca02,Cam Thomas,False,24,SG,6-3,210,"October 13, 2001",R,LSU
CHI,21-22,balllo01,Lonzo Ball,False,2,PG,6-5,190,"October 27, 1997",4,UCLA
CHI,21-22,belljo01,Jordan Bell,False,20,C,6-8,216,"January 7, 1995",4,Oregon
CHI,21-22,bradlto01,Tony Bradley,False,13,C,6-10,248,"January 8, 1998",4,UNC
CHI,21-22,browntr01,Troy Brown Jr.,False,7,SF,6-7,215,"July 28, 1999",3,Oregon
CHI,21-22,carusal01,Alex Caruso,False,6,SG,6-5,186,"February 28, 1994",4,Texas A&M
CHI,21-22,cookty01,Tyler Cook,False,25,PF,6-8,255,"September 23, 1997",2,Iowa
CHI,21-22,derozde01,DeMar DeRozan,False,11,PF,6-6,220,"August 7, 1989",12,USC
CHI,21-22,dosunay01,Ayo Dosunmu,False,12,SG,6-4,200,"January 17, 2000",R,Illinois
CHI,21-22,dotsode01,Devon Dotson,False,3,PG,6-1,185,"August 2, 1999",1,Kansas
CHI,21-22,greenja02,Javonte Green,False,24,SF,6-5,205,"July 23, 1993",2,Radford
CHI,21-22,hillma01,Malcolm Hill,False,14,SF,6-6,220,"October 26, 1995",R,Illinois
CHI,21-22,johnsal02,Alize Johnson,False,22,PF,6-9,212,"April 22, 1996",3,"Frank Phillips College,Missouri State"
CHI,21-22,jonesde02,Derrick Jones Jr.,False,5,PF,6-6,210,"February 15, 1997",5,UNLV
CHI,21-22,lavinza01,Zach LaVine,False,8,SG,6-5,200,"March 10, 1995",7,UCLA
CHI,21-22,mccluma01,Mac McClung,False,00,PG,6-2,185,"January 6, 1999",R,"Georgetown,Texas Tech"
CHI,21-22,mckinal01,Alfonzo McKinnie,False,28,SF,6-7,215,"September 17, 1992",4,Green Bay
CHI,21-22,simonma01,Marko Simonovic,False,19,C,7-0,220,"October 15, 1999",R,
CHI,21-22,thomama02,Matt Thomas,False,21,SG,6-3,190,"August 4, 1994",2,Iowa State
CHI,21-22,thomptr01,Tristan Thompson,False,3,C,6-9,254,"March 13, 1991",10,Texas
CHI,21-22,vucevni01,Nikola Vučević,False,9,C,6-9,260,"October 24, 1990",10,USC
CHI,21-22,whiteco01,Coby White,False,0,PG,6-4,195,"February 16, 2000",2,UNC
CHI,21-22,willipa01,Patrick Williams,False,44,PF,6-6,215,"August 26, 2001",1,Florida State
CHO,21-22,ballla01,LaMelo Ball,False,2,PG,6-7,180,"August 22, 2001",1,
CHO,21-22,bouknja01,James Bouknight,False,5,SG,6-4,190,"September 18, 2000",R,UConn
CHO,21-22,bridgmi02,Miles Bridges,False,0,PF,6-7,225,"March 21, 1998",3,Michigan State
CHO,21-22,careyve01,Vernon Carey Jr.,False,22,C,6-10,270,"February 25, 2001",1,Duke
CHO,21-22,harremo01,Montrezl Harrell,False,8,C,6-7,240,"January 26, 1994",6,Louisville
CHO,21-22,haywago01,Gordon Hayward,False,20,SF,6-7,225,"March 23, 1990",11,Butler
CHO,21-22,joneska01,Kai Jones,False,23,C,6-11,221,"January 19, 2001",R,Texas
CHO,21-22,kulboar01,Arnoldas Kulboka,False,98,SF,6-10,220,"January 4, 1998",R,
CHO,21-22,lewissc01,Scottie Lewis,False,16,SG,6-4,188,"March 12, 2000",R,Florida
CHO,21-22,martico01,Cody Martin,False,11,SF,6-6,205,"September 28, 1995",2,"NC State,Nevada"
CHO,21-22,mcdanja01,Jalen McDaniels,False,6,SF,6-9,205,"January 31, 1998",2,San Diego State
CHO,21-22,oubreke01,Kelly Oubre Jr.,False,12,SF,6-8,203,"December 9, 1995",6,Kansas
CHO,21-22,plumlma01,Mason Plumlee,False,24,C,7-0,254,"March 5, 1990",8,Duke
CHO,21-22,richani01,Nick Richards,False,14,C,6-11,245,"November 29, 1997",1,Kentucky
CHO,21-22,roziete01,Terry Rozier,False,3,SG,6-1,190,"March 17, 1994",6,Louisville
CHO,21-22,smithis01,Ish Smith,False,10,PG,6-0,175,"July 5, 1988",11,Wake Forest
CHO,21-22,thomais02,Isaiah Thomas,False,4,PG,5-9,185,"February 7, 1989",10,Washington
CHO,21-22,thorjt01,JT Thor,False,21,PF,6-9,203,"August 26, 2002",R,Auburn
CHO,21-22,washipj01,P.J. Washington,False,25,C,6-7,230,"August 23, 1998",2,Kentucky
CLE,21-22,allenja01,Jarrett Allen,False,31,C,6-9,243,"April 21, 1998",4,Texas
CLE,21-22,anderju01,Justin Anderson,False,1,SF,6-6,230,"November 19, 1993",5,Virginia
CLE,21-22,brownmo01,Moses Brown,False,6,C,7-2,258,"October 13, 1999",2,UCLA
CLE,21-22,davised01,Ed Davis,False,21,C,6-9,218,"June 5, 1989",11,UNC
CLE,21-22,fallta01,Tacko Fall,False,99,C,7-6,311,"December 10, 1995",2,Central Florida
CLE,21-22,fraziti01,Tim Frazier,False,12,PG,6-1,170,"November 1, 1990",7,Penn State
CLE,21-22,garlada01,Darius Garland,False,10,PG,6-1,192,"January 26, 2000",2,Vanderbilt
CLE,21-22,goodwbr01,Brandon Goodwin,False,"00, 26",PG,6-0,180,"October 2, 1995",3,"Central Florida,Florida Gulf Coast"
CLE,21-22,kornelu01,Luke Kornet,False,12,C,7-1,250,"July 15, 1995",4,Vanderbilt
CLE,21-22,leverca01,Caris LeVert,False,3,SG,6-7,205,"August 25, 1994",5,Michigan
CLE,21-22,loveke01,Kevin Love,False,0,C,6-10,251,"September 7, 1988",13,UCLA
CLE,21-22,markkla01,Lauri Markkanen,False,24,SF,7-1,240,"May 22, 1997",4,Arizona
CLE,21-22,mobleev01,Evan Mobley,False,4,PF,6-11,215,"June 18, 2001",R,USC
CLE,21-22,nembhrj01,RJ Nembhard Jr.,False,5,SG,6-5,200,"March 22, 1999",R,TCU
CLE,21-22,newmama01,Malik Newman,False,14,PG,6-3,190,"February 21, 1997",1,"Mississippi State,Kansas"
CLE,21-22,okorois01,Isaac Okoro,False,35,SF,6-4,225,"January 26, 2001",1,Auburn
CLE,21-22,osmande01,Cedi Osman,False,16,SF,6-7,230,"April 8, 1995",4,
CLE,21-22,pangoke01,Kevin Pangos,False,6,PG,6-1,179,"January 26, 1993",R,Gonzaga
CLE,21-22,rondora01,Rajon Rondo,False,1,PG,6-1,180,"February 22, 1986",15,Kentucky
CLE,21-22,rubiori01,Ricky Rubio,False,3,PG,6-2,190,"October 21, 1990",10,
CLE,21-22,scotttr01,Tre Scott,False,15,SF,6-8,225,"November 25, 1996",R,Cincinnati
CLE,21-22,sextoco01,Collin Sexton,False,2,SG,6-3,190,"January 4, 1999",3,Alabama
CLE,21-22,stevela01,Lamar Stevens,False,8,PF,6-7,230,"July 9, 1997",1,Penn State
CLE,21-22,valende01,Denzel Valentine,False,45,SG,6-4,220,"November 16, 1993",4,Michigan State
CLE,21-22,wadede01,Dean Wade,False,32,PF,6-9,228,"November 20, 1996",2,Kansas State
CLE,21-22,windldy01,Dylan Windler,False,9,SF,6-7,196,"September 22, 1996",1,Belmont
DAL,21-22,bertada01,Dāvis Bertāns,False,44,PF,6-10,225,"November 12, 1992",5,
DAL,21-22,brownch02,Charlie Brown Jr.,False,44,SG,6-6,199,"February 2, 1997",2,Saint Joseph's
DAL,21-22,brownmo01,Moses Brown,False,9,C,7-2,258,"October 13, 1999",2,UCLA
DAL,21-22,brownst02,Sterling Brown,False,0,SG,6-5,219,"February 10, 1995",4,SMU
DAL,21-22,brunsja01,Jalen Brunson,False,13,SG,6-2,190,"August 31, 1996",3,Villanova
DAL,21-22,bullore01,Reggie Bullock,False,25,SF,6-6,205,"March 16, 1991",8,UNC
DAL,21-22,burketr01,Trey Burke,False,3,PG,6-0,185,"November 12, 1992",8,Michigan
DAL,21-22,caulewi01,Willie Cauley-Stein,False,33,C,7-0,240,"August 18, 1993",6,Kentucky
DAL,21-22,chrisma01,Marquese Chriss,False,32,PF,6-9,240,"July 2, 1997",5,Washington
DAL,21-22,dinwisp01,Spencer Dinwiddie,False,26,PG,6-5,215,"April 6, 1993",7,Colorado
DAL,21-22,doncilu01,Luka Dončić,False,77,PG,6-8,230,"February 28, 1999",3,
DAL,21-22,finnedo01,Dorian Finney-Smith,False,10,PF,6-7,220,"May 4, 1993",5,Florida
DAL,21-22,greenjo02,Josh Green,False,8,SG,6-6,200,"November 16, 2000",1,Arizona
DAL,21-22,hardati02,Tim Hardaway Jr.,False,11,SG,6-5,205,"March 16, 1992",8,Michigan
DAL,21-22,jonesca03,Carlik Jones,False,23,PG,6-0,174,"December 23, 1997",R,"Radford,Louisville"
DAL,21-22,kingge03,George King,False,94,SF,6-6,220,"January 15, 1994",1,Colorado
DAL,21-22,klebima01,Maxi Kleber,False,42,PF,6-10,240,"January 29, 1992",4,
DAL,21-22,knighbr03,Brandon Knight,False,20,PG,6-2,182,"December 2, 1991",8,Kentucky
DAL,21-22,marjabo01,Boban Marjanović,False,51,C,7-4,290,"August 15, 1988",6,
DAL,21-22,mclauja01,JaQuori McLaughlin,False,30,PG,6-4,190,"January 29, 1998",R,"Oregon State,UC Santa Barbara"
DAL,21-22,ntilila01,Frank Ntilikina,False,21,SG,6-4,200,"July 28, 1998",4,
DAL,21-22,omorueu01,Eugene Omoruyi,False,2,SF,6-6,235,"February 14, 1997",R,"Rutgers University,Oregon"
DAL,21-22,pinsoth01,Theo Pinson,False,1,SF,6-5,212,"November 5, 1995",3,UNC
DAL,21-22,porzikr01,Kristaps Porziņģis,False,6,PF,7-2,240,"August 2, 1995",5,
DAL,21-22,poweldw01,Dwight Powell,False,7,C,6-10,240,"July 20, 1991",7,Stanford
DAL,21-22,thomais02,Isaiah Thomas,False,2,PG,5-9,185,"February 7, 1989",10,Washington
DAL,21-22,wrighmo01,Moses Wright,False,5,PF,6-8,226,"December 23, 1998",R,Georgia Tech
DEN,21-22,bartowi01,Will Barton,False,5,SG,6-5,181,"January 6, 1991",9,Memphis
DEN,21-22,bolbo01,Bol Bol,False,10,PF,7-3,220,"November 16, 1999",2,Oregon
DEN,21-22,campafa01,Facundo Campazzo,False,7,PG,5-10,195,"March 23, 1991",1,
DEN,21-22,cancavl01,Vlatko Čančar,False,31,PF,6-8,236,"April 10, 1997",2,
DEN,21-22,cornepe01,Petr Cornelie,False,21,PF,6-11,220,"July 26, 1995",R,
DEN,21-22,couside01,DeMarcus Cousins,False,4,C,6-10,270,"August 13, 1990",10,Kentucky
DEN,21-22,doziepj01,PJ Dozier,False,35,SG,6-6,212,"October 25, 1996",4,South Carolina
DEN,21-22,ennisja01,James Ennis III,False,10,SF,6-6,215,"July 1, 1990",7,Cal State Long Beach
DEN,21-22,forbebr01,Bryn Forbes,False,6,SG,6-2,205,"July 23, 1993",5,Michigan State
DEN,21-22,gordoaa01,Aaron Gordon,False,50,PF,6-8,235,"September 16, 1995",7,Arizona
DEN,21-22,greenja01,JaMychal Green,False,0,PF,6-9,227,"June 21, 1990",7,Alabama
DEN,21-22,greenje02,Jeff Green,False,32,PF,6-8,235,"August 28, 1986",13,Georgetown
DEN,21-22,howarma02,Markus Howard,False,00,SG,5-10,175,"March 3, 1999",1,Marquette
DEN,21-22,hylanbo01,Bones Hyland,False,3,SG,6-2,169,"September 14, 2000",R,VCU
DEN,21-22,jokicni01,Nikola Jokić,False,15,C,6-11,284,"February 19, 1995",6,
DEN,21-22,jonesca03,Carlik Jones,False,23,PG,6-0,174,"December 23, 1997",R,"Radford,Louisville"
DEN,21-22,morrimo01,Monte Morris,False,11,PG,6-2,183,"June 27, 1995",4,Iowa State
DEN,21-22,nnajize01,Zeke Nnaji,False,22,PF,6-10,240,"January 9, 2001",1,Arizona
DEN,21-22,portemi01,Michael Porter Jr.,False,1,SF,6-10,218,"June 29, 1998",2,Missouri
DEN,21-22,reedda01,Davon Reed,False,9,SG,6-5,206,"June 11, 1995",2,Miami (FL)
DEN,21-22,riverau01,Austin Rivers,False,25,SG,6-4,200,"August 1, 1992",9,Duke
DEN,21-22,tuckera01,Rayjon Tucker,False,6,SG,6-3,209,"September 24, 1997",2,"Florida Gulf Coast,Little Rock"
DET,21-22,baglema01,Marvin Bagley III,False,35,PF,6-10,235,"March 14, 1999",3,Duke
DET,21-22,beysa01,Saddiq Bey,False,41,SF,6-8,215,"April 9, 1999",1,Villanova
DET,21-22,cunnica01,Cade Cunningham,False,2,SG,6-6,220,"September 25, 2001",R,Oklahoma State
DET,21-22,diallch01,Cheick Diallo,False,00,C,6-8,219,"September 13, 1996",4,Kansas
DET,21-22,diallha01,Hamidou Diallo,False,6,SG,6-5,202,"July 31, 1998",3,Kentucky
DET,21-22,edwarca01,Carsen Edwards,False,20,SG,5-11,200,"March 12, 1998",2,Purdue
DET,21-22,garzalu01,Luka Garza,False,55,C,6-10,243,"December 27, 1998",R,Iowa
DET,21-22,grantje01,Jerami Grant,False,9,PF,6-7,213,"March 12, 1994",7,Syracuse
DET,21-22,hayeski01,Killian Hayes,False,7,PG,6-4,195,"July 27, 2001",1,
DET,21-22,jacksfr01,Frank Jackson,False,5,PG,6-3,205,"May 4, 1998",3,Duke
DET,21-22,jacksjo02,Josh Jackson,False,20,SF,6-8,207,"February 10, 1997",4,Kansas
DET,21-22,josepco01,Cory Joseph,False,18,PG,6-2,200,"August 20, 1991",10,Texas
DET,21-22,keybr01,Braxton Key,False,8,SF,6-7,225,"February 14, 1997",R,"Alabama,Virginia"
DET,21-22,leesa01,Saben Lee,False,38,PG,6-2,183,"June 23, 1999",1,Vanderbilt
DET,21-22,liveris01,Isaiah Livers,False,12,SF,6-6,232,"July 28, 1998",R,Michigan
DET,21-22,lylestr01,Trey Lyles,False,8,PF,6-9,234,"November 5, 1995",6,Kentucky
DET,21-22,mcgruro01,Rodney McGruder,False,17,SG,6-4,205,"July 29, 1991",5,Kansas State
DET,21-22,olynyke01,Kelly Olynyk,False,13,C,7-0,240,"April 19, 1991",8,Gonzaga
DET,21-22,paigeja01,Jaysean Paige,False,42,PG,6-2,200,"July 30, 1994",R,"College of Southern Idaho,Moberly Area Community College,West Virginia"
DET,21-22,palmetr01,Trayvon Palmer,False,31,SG,6-6,200,"November 13, 1994",R,"North Dakota State College of Science,Chicago State"
DET,21-22,pickeja01,Jamorko Pickett,False,24,PF,6-9,206,"December 24, 1997",R,Georgetown
DET,21-22,pottemi01,Micah Potter,False,19,C,6-9,248,"April 6, 1998",R,"Ohio State,Wisconsin"
DET,21-22,robinju01,Justin Robinson,False,34,PG,6-1,195,"October 12, 1997",2,Virginia Tech
DET,21-22,sirvyde01,Deividas Sirvydis,False,91,SG,6-8,190,"June 10, 2000",1,
DET,21-22,stanlca01,Cassius Stanley,False,14,SG,6-5,190,"August 18, 1999",1,Duke
DET,21-22,stewais01,Isaiah Stewart,False,28,C,6-8,250,"May 22, 2001",1,Washington
DET,21-22,waltode01,Derrick Walton,False,25,PG,6-0,189,"April 3, 1995",2,Michigan
GSW,21-22,bjeline01,Nemanja Bjelica,False,8,C,6-10,234,"May 9, 1988",6,
GSW,21-22,chiozch01,Chris Chiozza,False,2,PG,5-11,179,"November 21, 1995",3,Florida
GSW,21-22,curryst01,Stephen Curry,False,30,PG,6-2,185,"March 14, 1988",12,Davidson
GSW,21-22,dowtije01,Jeff Dowtin Jr.,False,21,PG,6-3,177,"May 10, 1997",R,Rhode Island
GSW,21-22,greendr01,Draymond Green,False,23,PF,6-6,230,"March 4, 1990",9,Michigan State
GSW,21-22,iguodan01,Andre Iguodala,False,9,SF,6-6,215,"January 28, 1984",17,Arizona
GSW,21-22,kuminjo01,Jonathan Kuminga,False,00,SF,6-7,225,"October 6, 2002",R,
GSW,21-22,leeda03,Damion Lee,False,1,SG,6-6,210,"October 21, 1992",4,"Drexel,Louisville"
GSW,21-22,looneke01,Kevon Looney,False,5,C,6-9,222,"February 6, 1996",6,UCLA
GSW,21-22,moodymo01,Moses Moody,False,4,SG,6-5,211,"May 31, 2002",R,Arkansas
GSW,21-22,paytoga02,Gary Payton II,False,0,SG,6-2,195,"December 1, 1992",5,Oregon State
GSW,21-22,poolejo01,Jordan Poole,False,3,SG,6-4,194,"June 19, 1999",2,Michigan
GSW,21-22,porteot01,Otto Porter Jr.,False,32,PF,6-8,198,"June 3, 1993",8,Georgetown
GSW,21-22,thompkl01,Klay Thompson,False,11,SG,6-5,220,"February 8, 1990",8,Washington State
GSW,21-22,toscaju01,Juan Toscano-Anderson,False,95,SF,6-6,209,"April 10, 1993",2,Marquette
GSW,21-22,weathqu01,Quinndary Weatherspoon,False,12,SG,6-3,207,"September 10, 1996",2,Mississippi State
GSW,21-22,wiggian01,Andrew Wiggins,False,22,SF,6-6,197,"February 23, 1995",7,Kansas
HOU,21-22,augusdj01,D.J. Augustin,False,14,PG,5-11,183,"November 10, 1987",13,Texas
HOU,21-22,brookar01,Armoni Brooks,False,7,SG,6-3,195,"June 5, 1998",1,Houston
HOU,21-22,chrisjo01,Josh Christopher,False,9,SG,6-4,215,"December 8, 2001",R,Arizona State
HOU,21-22,fernabr01,Bruno Fernando,False,20,C,6-9,240,"August 15, 1998",2,Maryland
HOU,21-22,garubus01,Usman Garuba,False,16,PF,6-8,229,"March 9, 2002",R,
HOU,21-22,gordoer01,Eric Gordon,False,10,SG,6-3,215,"December 25, 1988",13,Indiana
HOU,21-22,greenja05,Jalen Green,False,0,SG,6-4,186,"February 9, 2002",R,
HOU,21-22,houseda01,Danuel House Jr.,False,4,SF,6-6,220,"June 7, 1993",5,Texas A&M
HOU,21-22,martike04,KJ Martin,False,6,SF,6-6,215,"January 6, 2001",1,
HOU,21-22,mathega01,Garrison Mathews,False,25,SG,6-5,215,"October 24, 1996",2,Lipscomb
HOU,21-22,nixda01,Daishen Nix,False,15,SG,6-3,226,"February 13, 2002",R,
HOU,21-22,nwabada01,David Nwaba,False,2,SF,6-5,219,"January 14, 1993",5,Cal Poly
HOU,21-22,porteke02,Kevin Porter Jr.,False,3,PG,6-5,203,"May 4, 2000",2,USC
HOU,21-22,queentr01,Trevelin Queen,False,21,SG,6-5,190,"February 25, 1997",R,"College of Marin,New Mexico Military Institute,New Mexico State"
HOU,21-22,schrode01,Dennis Schröder,False,17,PG,6-1,175,"September 15, 1993",8,
HOU,21-22,sengual01,Alperen Şengün,False,28,C,6-11,243,"July 25, 2002",R,
HOU,21-22,tateja01,Jae'Sean Tate,False,8,PF,6-4,230,"October 28, 1995",1,Ohio State
HOU,21-22,theisda01,Daniel Theis,False,27,C,6-8,245,"April 4, 1992",4,
HOU,21-22,woodch01,Christian Wood,False,35,C,6-8,214,"September 27, 1995",5,UNLV
IND,21-22,anderju01,Justin Anderson,False,10,SF,6-6,230,"November 19, 1993",5,Virginia
IND,21-22,bitadgo01,Goga Bitadze,False,88,C,6-11,250,"July 20, 1999",2,
IND,21-22,brissos01,Oshae Brissett,False,12,SF,6-7,210,"June 20, 1998",2,Syracuse
IND,21-22,brogdma01,Malcolm Brogdon,False,7,PG,6-4,229,"December 11, 1992",5,Virginia
IND,21-22,caverah01,Ahmad Caver,False,2,SG,6-2,174,"September 12, 1996",R,Old Dominion
IND,21-22,craigto01,Torrey Craig,False,13,SF,6-5,221,"December 19, 1990",4,USC Upstate
IND,21-22,duartch01,Chris Duarte,False,3,SG,6-5,190,"June 13, 1997",R,Oregon
IND,21-22,halibty01,Tyrese Haliburton,False,0,PG,6-5,185,"February 29, 2000",1,Iowa State
IND,21-22,hieldbu01,Buddy Hield,False,24,SG,6-4,220,"December 17, 1992",5,Oklahoma
IND,21-22,hintona01,Nate Hinton,False,14,SG,6-5,210,"June 8, 1999",1,Houston
IND,21-22,holidju01,Justin Holiday,False,8,SF,6-6,180,"April 5, 1989",8,Washington
IND,21-22,jacksis01,Isaiah Jackson,False,23,C,6-8,205,"January 10, 2002",R,Kentucky
IND,21-22,jarrede01,DeJon Jarreau,False,17,SG,6-5,185,"January 23, 1998",R,"UMass,Houston"
IND,21-22,lambje01,Jeremy Lamb,False,26,SF,6-5,180,"May 30, 1992",9,UConn
IND,21-22,leverca01,Caris LeVert,False,22,SG,6-7,205,"August 25, 1994",5,Michigan
IND,21-22,martike03,Kelan Martin,False,21,SF,6-5,230,"August 3, 1995",2,Butler
IND,21-22,mccontj01,T.J. McConnell,False,9,PG,6-1,190,"March 25, 1992",6,"Duquesne,Arizona"
IND,21-22,perryre01,Reggie Perry,False,0,PF,6-8,250,"March 21, 2000",1,Mississippi State
IND,21-22,sabondo01,Domantas Sabonis,False,11,PF,6-10,240,"May 3, 1996",5,Gonzaga
IND,21-22,smithja04,Jalen Smith,False,25,PF,6-8,215,"March 16, 2000",1,Maryland
IND,21-22,stephla01,Lance Stephenson,False,6,PG,6-6,230,"September 5, 1990",9,Cincinnati
IND,21-22,sykeske01,Keifer Sykes,False,28,PG,5-11,167,"December 30, 1993",R,Green Bay
IND,21-22,taylote01,Terry Taylor,False,32,PF,6-5,230,"September 23, 1999",R,Austin Peay State University
IND,21-22,thomptr01,Tristan Thompson,False,11,C,6-9,254,"March 13, 1991",10,Texas
IND,21-22,turnemy01,Myles Turner,False,33,C,6-11,250,"March 24, 1996",6,Texas
IND,21-22,wanambr01,Brad Wanamaker,False,10,PG,6-3,210,"July 25, 1989",3,Pitt
IND,21-22,washidu02,Duane Washington Jr.,False,4,PG,6-2,197,"March 24, 2000",R,Ohio State
IND,21-22,yorkga01,Gabe York,False,8,SG,6-3,185,"August 2, 1993",R,Arizona
LAC,21-22,batumni01,Nicolas Batum,False,33,PF,6-7,230,"December 14, 1988",13,
LAC,21-22,bledser01,Eric Bledsoe,False,12,PG,6-1,214,"December 9, 1989",11,Kentucky
LAC,21-22,bostobr01,Brandon Boston Jr.,False,4,SG,6-6,188,"November 28, 2001",R,Kentucky
LAC,21-22,coffeam01,Amir Coffey,False,7,SG,6-7,210,"June 17, 1997",2,Minnesota
LAC,21-22,covinro01,Robert Covington,False,23,PF,6-7,209,"December 14, 1990",8,Tennessee State
LAC,21-22,ennisja01,James Ennis III,False,10,SF,6-6,215,"July 1, 1990",7,Cal State Long Beach
LAC,21-22,gabriwe01,Wenyen Gabriel,False,35,PF,6-9,205,"March 26, 1997",2,Kentucky
LAC,21-22,georgpa01,Paul George,False,13,PF,6-8,220,"May 2, 1990",11,Fresno State
LAC,21-22,harteis01,Isaiah Hartenstein,False,55,C,7-0,250,"May 5, 1998",3,
LAC,21-22,hoodro01,Rodney Hood,False,22,SF,6-8,208,"October 20, 1992",7,"Mississippi State,Duke"
LAC,21-22,ibakase01,Serge Ibaka,False,9,C,6-11,235,"September 18, 1989",12,
LAC,21-22,jacksre01,Reggie Jackson,False,1,SG,6-2,208,"April 16, 1990",10,Boston College
LAC,21-22,johnske07,Keon Johnson,False,45,SG,6-5,185,"March 10, 2002",R,Tennessee
LAC,21-22,kennalu01,Luke Kennard,False,5,SG,6-5,206,"June 24, 1996",4,Duke
LAC,21-22,mannte01,Terance Mann,False,14,SF,6-6,215,"October 18, 1996",2,Florida State
LAC,21-22,moonxa01,Xavier Moon,False,15,SG,6-0,165,"January 2, 1995",R,"Northwest Florida State College,Morehead State University"
LAC,21-22,morrima03,Marcus Morris,False,8,PF,6-8,218,"September 2, 1989",10,Kansas
LAC,21-22,ojelese01,Semi Ojeleye,False,37,PF,6-6,240,"December 5, 1994",4,"Duke,SMU"
LAC,21-22,powelno01,Norman Powell,False,24,SG,6-3,215,"May 25, 1993",6,UCLA
LAC,21-22,scrubja01,Jay Scrubb,False,0,SG,6-5,220,"September 1, 2000",1,John A. Logan College
LAC,21-22,winslju01,Justise Winslow,False,20,PF,6-6,222,"March 26, 1996",6,Duke
LAC,21-22,wrighmo01,Moses Wright,False,11,PF,6-8,226,"December 23, 1998",R,Georgia Tech
LAC,21-22,zubaciv01,Ivica Zubac,False,40,C,7-0,240,"March 18, 1997",5,
LAL,21-22,anthoca01,Carmelo Anthony,False,7,PF,6-7,238,"May 29, 1984",18,Syracuse
LAL,21-22,arizatr01,Trevor Ariza,False,1,SF,6-8,215,"June 30, 1985",17,UCLA
LAL,21-22,augusdj01,D.J. Augustin,False,4,PG,5-11,183,"November 10, 1987",13,Texas
LAL,21-22,bazemke01,Kent Bazemore,False,9,SF,6-4,195,"July 1, 1989",9,Old Dominion
LAL,21-22,bradlav01,Avery Bradley,False,20,SG,6-3,180,"November 26, 1990",11,Texas
LAL,21-22,brownch05,Chaundee Brown Jr.,False,38,SF,6-5,215,"December 4, 1998",R,"Wake Forest,Michigan"
LAL,21-22,collida01,Darren Collison,False,21,PG,6-0,175,"August 23, 1987",10,UCLA
LAL,21-22,davisan02,Anthony Davis,False,3,C,6-10,253,"March 11, 1993",9,Kentucky
LAL,21-22,doumbse01,Sekou Doumbouya,False,45,PF,6-8,230,"December 23, 2000",2,
LAL,21-22,ellinwa01,Wayne Ellington,False,2,SG,6-4,207,"November 29, 1987",12,UNC
LAL,21-22,gabriwe01,Wenyen Gabriel,False,35,PF,6-9,205,"March 26, 1997",2,Kentucky
LAL,21-22,hortota01,Talen Horton-Tucker,False,5,SG,6-4,234,"November 25, 2000",2,Iowa State
LAL,21-22,howardw01,Dwight Howard,False,39,C,6-10,265,"December 8, 1985",17,
LAL,21-22,huffja01,Jay Huff,False,30,C,7-1,240,"August 25, 1998",R,Virginia
LAL,21-22,jamesle01,LeBron James,False,6,C,6-9,250,"December 30, 1984",18,
LAL,21-22,johnsst04,Stanley Johnson,False,14,PF,6-6,242,"May 29, 1996",6,Arizona
LAL,21-22,jonesje01,Jemerrio Jones,False,50,SF,6-5,174,"April 9, 1995",1,"Hill College,New Mexico State"
LAL,21-22,jonesma05,Mason Jones,False,40,SG,6-4,200,"July 21, 1998",1,"Connors State College,Arkansas"
LAL,21-22,jordade01,DeAndre Jordan,False,10,C,6-11,265,"July 21, 1988",13,Texas A&M
LAL,21-22,mccluma01,Mac McClung,False,37,SG,6-2,185,"January 6, 1999",R,"Georgetown,Texas Tech"
LAL,21-22,monkma01,Malik Monk,False,11,SG,6-3,200,"February 4, 1998",4,Kentucky
LAL,21-22,reaveau01,Austin Reaves,False,15,SG,6-5,197,"May 29, 1998",R,"Wichita State,Oklahoma"
LAL,21-22,rondora01,Rajon Rondo,False,4,PG,6-1,180,"February 22, 1986",15,Kentucky
LAL,21-22,thomais02,Isaiah Thomas,False,31,PG,5-9,185,"February 7, 1989",10,Washington
LAL,21-22,westbru01,Russell Westbrook,False,0,PG,6-4,200,"November 12, 1988",13,UCLA
MEM,21-22,adamsst01,Steven Adams,False,4,C,6-11,265,"July 20, 1993",8,Pitt
MEM,21-22,aldamsa01,Santi Aldama,False,7,PF,7-0,215,"January 10, 2001",R,Loyola (MD)
MEM,21-22,anderky01,Kyle Anderson,False,1,PF,6-8,230,"September 20, 1993",7,UCLA
MEM,21-22,banede01,Desmond Bane,False,22,SG,6-6,215,"June 25, 1998",1,TCU
MEM,21-22,brookdi01,Dillon Brooks,False,24,SF,6-7,225,"January 22, 1996",4,Oregon
MEM,21-22,buchash01,Shaq Buchanan,False,6,SG,6-3,190,"January 30, 1997",R,"Northeast Mississippi Community College,Murray State"
MEM,21-22,clarkbr01,Brandon Clarke,False,15,PF,6-8,215,"September 19, 1996",2,"San Jose State,Gonzaga"
MEM,21-22,culveja01,Jarrett Culver,False,23,SG,6-6,195,"February 20, 1999",2,Texas Tech
MEM,21-22,jacksja02,Jaren Jackson Jr.,False,13,PF,6-10,242,"September 15, 1999",3,Michigan State
MEM,21-22,jeffrda01,DaQuan Jeffries,False,55,SG,6-5,222,"August 30, 1997",2,"Oral Roberts,Tulsa"
MEM,21-22,jonesty01,Tyus Jones,False,21,PG,6-0,196,"May 10, 1996",6,Duke
MEM,21-22,konchjo01,John Konchar,False,46,SG,6-5,210,"March 22, 1996",2,Purdue-Fort Wayne
MEM,21-22,mathida01,Dakota Mathias,False,31,SG,6-4,200,"July 11, 1995",1,Purdue
MEM,21-22,meltode01,De'Anthony Melton,False,0,SG,6-2,200,"May 28, 1998",3,USC
MEM,21-22,merrisa01,Sam Merrill,False,25,SG,6-4,205,"May 15, 1996",1,Utah State University
MEM,21-22,moranja01,Ja Morant,False,12,PG,6-2,174,"August 10, 1999",2,Murray State
MEM,21-22,ponsyv01,Yves Pons,False,5,SF,6-5,206,"May 7, 1999",R,Tennessee
MEM,21-22,sneedxa01,Xavier Sneed,False,20,SF,6-5,215,"December 21, 1997",R,Kansas State
MEM,21-22,terryty01,Tyrell Terry,False,3,PG,6-2,160,"September 28, 2000",1,Stanford
MEM,21-22,teskejo01,Jon Teske,False,10,C,7-1,265,"May 4, 1997",R,Michigan
MEM,21-22,tilliki02,Killian Tillie,False,35,C,6-9,220,"March 5, 1998",1,Gonzaga
MEM,21-22,tillmxa01,Xavier Tillman Sr.,False,2,PF,6-8,245,"January 12, 1999",1,Michigan State
MEM,21-22,willizi02,Ziaire Williams,False,8,SF,6-9,185,"September 12, 2001",R,Stanford
MIA,21-22,adebaba01,Bam Adebayo,False,13,C,6-9,255,"July 18, 1997",4,Kentucky
MIA,21-22,butleji01,Jimmy Butler,False,22,SF,6-6,230,"September 14, 1989",10,"Tyler Junior College,Marquette"
MIA,21-22,dedmode01,Dewayne Dedmon,False,21,C,6-10,245,"August 12, 1989",8,USC
MIA,21-22,garrema01,Marcus Garrett,False,0,SG,6-5,205,"November 9, 1998",R,Kansas
MIA,21-22,guyky01,Kyle Guy,False,5,SG,6-1,167,"August 11, 1997",2,Virginia
MIA,21-22,hasleud01,Udonis Haslem,False,40,C,6-8,235,"June 9, 1980",18,Florida
MIA,21-22,herroty01,Tyler Herro,False,14,SG,6-5,195,"January 20, 2000",2,Kentucky
MIA,21-22,highsha01,Haywood Highsmith,False,24,SF,6-5,220,"December 9, 1996",1,Wheeling University
MIA,21-22,lowryky01,Kyle Lowry,False,7,PG,6-0,196,"March 25, 1986",15,Villanova
MIA,21-22,martica02,Caleb Martin,False,16,SF,6-5,205,"September 28, 1995",2,"NC State,Nevada"
MIA,21-22,morrima02,Markieff Morris,False,8,PF,6-9,245,"September 2, 1989",10,Kansas
MIA,21-22,muldemy01,Mychal Mulder,False,12,PG,6-3,195,"June 12, 1994",2,"Vincennes University,Kentucky"
MIA,21-22,okpalkz01,KZ Okpala,False,11,PF,6-8,215,"April 28, 1999",2,Stanford
MIA,21-22,oladivi01,Victor Oladipo,False,4,SG,6-3,213,"May 4, 1992",8,Indiana
MIA,21-22,robindu01,Duncan Robinson,False,55,SG,6-7,215,"April 22, 1994",3,"Williams,Michigan"
MIA,21-22,silvach01,Chris Silva,False,30,PF,6-8,234,"September 19, 1996",2,South Carolina
MIA,21-22,smartja01,Javonte Smart,False,15,PG,6-4,205,"June 3, 1999",R,LSU
MIA,21-22,stausni01,Nik Stauskas,False,9,SG,6-6,205,"October 7, 1993",5,Michigan
MIA,21-22,strusma01,Max Strus,False,31,SF,6-5,215,"March 28, 1996",2,"Lewis (IL),DePaul"
MIA,21-22,tuckepj01,P.J. Tucker,False,17,PF,6-5,245,"May 5, 1985",10,Texas
MIA,21-22,vincega01,Gabe Vincent,False,2,PG,6-2,200,"June 14, 1996",2,UC Santa Barbara
MIA,21-22,yurtsom01,Omer Yurtseven,False,77,C,6-11,275,"June 19, 1998",R,"NC State,Georgetown"
MIL,21-22,allengr01,Grayson Allen,False,7,SG,6-3,198,"October 8, 1995",3,Duke
MIL,21-22,antetgi01,Giannis Antetokounmpo,False,34,PF,6-11,243,"December 6, 1994",8,
MIL,21-22,antetth01,Thanasis Antetokounmpo,False,43,SF,6-7,219,"July 18, 1992",3,
MIL,21-22,bembrde01,DeAndre' Bembry,False,95,SF,6-5,210,"July 4, 1994",5,Saint Joseph's
MIL,21-22,carteje01,Jevon Carter,False,5,PG,6-0,200,"September 14, 1995",3,West Virginia
MIL,21-22,connapa01,Pat Connaughton,False,24,SF,6-5,209,"January 6, 1993",6,Notre Dame
MIL,21-22,couside01,DeMarcus Cousins,False,15,C,6-10,270,"August 13, 1990",10,Kentucky
MIL,21-22,delauja01,Javin DeLaurier,False,12,C,6-10,237,"April 7, 1998",R,Duke
MIL,21-22,divindo01,Donte DiVincenzo,False,0,SG,6-4,203,"January 31, 1997",3,Villanova
MIL,21-22,dowtije01,Jeff Dowtin Jr.,False,15,PG,6-3,177,"May 10, 1997",R,Rhode Island
MIL,21-22,gallola01,Langston Galloway,False,12,SG,6-1,200,"December 9, 1991",7,Saint Joseph's
MIL,21-22,hillge01,George Hill,False,3,PG,6-4,188,"May 4, 1986",13,IUPUI
MIL,21-22,holidjr01,Jrue Holiday,False,21,PG,6-4,220,"June 12, 1990",12,UCLA
MIL,21-22,hoodro01,Rodney Hood,False,5,PF,6-8,208,"October 20, 1992",7,"Mississippi State,Duke"
MIL,21-22,ibakase01,Serge Ibaka,False,25,C,6-11,235,"September 18, 1989",12,
MIL,21-22,kalaige01,Georgios Kalaitzakis,False,18,SF,6-8,192,"January 2, 1999",R,
MIL,21-22,kornelu01,Luke Kornet,False,35,C,7-1,250,"July 15, 1995",4,Vanderbilt
MIL,21-22,lopezbr01,Brook Lopez,False,11,C,7-1,282,"April 1, 1988",13,Stanford
MIL,21-22,mamuksa01,Sandro Mamukelashvili,False,54,PF,6-9,240,"May 23, 1999",R,Seton Hall
MIL,21-22,matthwe02,Wesley Matthews,False,23,SG,6-5,220,"October 14, 1986",12,Marquette
MIL,21-22,middlkh01,Khris Middleton,False,22,SF,6-7,222,"August 12, 1991",9,Texas A&M
MIL,21-22,monrogr01,Greg Monroe,False,15,C,6-11,265,"June 4, 1990",9,Georgetown
MIL,21-22,nworajo01,Jordan Nwora,False,13,SF,6-8,225,"September 9, 1998",1,Louisville
MIL,21-22,ojelese01,Semi Ojeleye,False,37,PF,6-6,240,"December 5, 1994",4,"Duke,SMU"
MIL,21-22,portibo01,Bobby Portis,False,9,C,6-9,250,"February 10, 1995",6,Arkansas
MIL,21-22,robinju01,Justin Robinson,False,55,PG,6-1,195,"October 12, 1997",2,Virginia Tech
MIL,21-22,smartja01,Javonte Smart,False,6,PG,6-4,205,"June 3, 1999",R,LSU
MIL,21-22,tuckera01,Rayjon Tucker,False,59,SG,6-3,209,"September 24, 1997",2,"Florida Gulf Coast,Little Rock"
MIL,21-22,vildolu01,Luca Vildoza,False,6,PG,6-3,190,"August 11, 1995",R,
MIL,21-22,wiggili01,Lindell Wigginton,False,28,PG,6-1,189,"March 28, 1998",R,Iowa State
MIN,21-22,beaslma01,Malik Beasley,False,5,SG,6-4,187,"November 26, 1996",5,Florida State
MIN,21-22,beverpa01,Patrick Beverley,False,22,PG,6-2,180,"July 12, 1988",9,Arkansas
MIN,21-22,bolmale01,Leandro Bolmaro,False,9,SF,6-6,200,"September 11, 2000",R,
MIN,21-22,edwaran01,Anthony Edwards,False,1,SG,6-4,225,"August 5, 2001",1,Georgia
MIN,21-22,knighna01,Nathan Knight,False,13,PF,6-8,253,"September 20, 1997",1,William & Mary
MIN,21-22,laymaja01,Jake Layman,False,10,SF,6-8,209,"March 7, 1994",5,Maryland
MIN,21-22,mcdanja02,Jaden McDaniels,False,3,PF,6-9,185,"September 29, 2000",1,Washington
MIN,21-22,mclaujo01,Jordan McLaughlin,False,6,PG,5-11,185,"April 9, 1996",2,USC
MIN,21-22,monrogr01,Greg Monroe,False,55,C,6-11,265,"June 4, 1990",9,Georgetown
MIN,21-22,nowelja01,Jaylen Nowell,False,4,SG,6-4,201,"July 9, 1999",2,Washington
MIN,21-22,okogijo01,Josh Okogie,False,20,SG,6-4,213,"September 1, 1998",3,Georgia Tech
MIN,21-22,princta02,Taurean Prince,False,12,PF,6-6,218,"March 22, 1994",5,Baylor
MIN,21-22,reidna01,Naz Reid,False,11,C,6-9,264,"August 26, 1999",2,LSU
MIN,21-22,russeda01,D'Angelo Russell,False,0,PG,6-3,193,"February 23, 1996",6,Ohio State
MIN,21-22,silvach01,Chris Silva,False,30,PF,6-8,234,"September 19, 1996",2,South Carolina
MIN,21-22,townska01,Karl-Anthony Towns,False,32,C,7-0,248,"November 15, 1995",6,Kentucky
MIN,21-22,vandeja01,Jarred Vanderbilt,False,8,PF,6-8,214,"April 3, 1999",3,Kentucky
MIN,21-22,wrighmc01,McKinley Wright IV,False,25,PG,5-11,192,"October 25, 1998",R,Colorado
NOP,21-22,alexani01,Nickeil Alexander-Walker,False,6,SG,6-5,205,"September 2, 1998",2,Virginia Tech
NOP,21-22,alvarjo01,Jose Alvarado,False,15,PG,6-0,179,"April 12, 1998",R,Georgia Tech
NOP,21-22,clarkga01,Gary Clark,False,12,PF,6-6,225,"November 16, 1994",3,Cincinnati
NOP,21-22,grahade01,Devonte' Graham,False,4,PG,6-1,195,"February 22, 1995",3,Kansas
NOP,21-22,harpeja01,Jared Harper,False,2,PG,5-10,175,"September 14, 1997",2,Auburn
NOP,21-22,hartjo01,Josh Hart,False,3,SG,6-5,215,"March 6, 1995",4,Villanova
NOP,21-22,hayesja02,Jaxson Hayes,False,10,C,7-0,220,"May 23, 2000",2,Texas
NOP,21-22,hernawi01,Willy Hernangómez,False,9,C,6-11,250,"May 27, 1994",5,
NOP,21-22,ingrabr01,Brandon Ingram,False,14,SF,6-8,190,"September 2, 1997",5,Duke
NOP,21-22,johnsal02,Alize Johnson,False,24,PF,6-9,212,"April 22, 1996",3,"Frank Phillips College,Missouri State"
NOP,21-22,joneshe01,Herbert Jones,False,5,PF,6-7,206,"October 6, 1998",R,Alabama
NOP,21-22,lewiski01,Kira Lewis Jr.,False,13,PG,6-1,170,"April 6, 2001",1,Alabama
NOP,21-22,louzama01,Didi Louzada,False,0,SF,6-5,188,"February 7, 1999",1,
NOP,21-22,marshna01,Naji Marshall,False,8,SF,6-6,220,"January 24, 1998",1,Xavier
NOP,21-22,mccolcj01,CJ McCollum,False,3,PG,6-3,190,"September 19, 1991",8,Lehigh
NOP,21-22,murphtr02,Trey Murphy III,False,25,SF,6-8,206,"June 18, 2000",R,"Rice University,Virginia"
NOP,21-22,nancela02,Larry Nance Jr.,False,22,PF,6-6,245,"January 1, 1993",6,Wyoming
NOP,21-22,satorto01,Tomáš Satoranský,False,31,SG,6-7,210,"October 30, 1991",5,
NOP,21-22,snellto01,Tony Snell,False,21,SG,6-6,213,"November 10, 1991",8,New Mexico
NOP,21-22,templga01,Garrett Temple,False,41,SG,6-5,195,"May 8, 1986",11,LSU
NOP,21-22,valanjo01,Jonas Valančiūnas,False,17,C,6-11,265,"May 6, 1992",9,
NOP,21-22,wallaty01,Tyrone Wallace,False,6,SG,6-5,198,"June 10, 1994",3,California
NYK,21-22,arcidry01,Ryan Arcidiacono,False,51,PG,6-3,195,"March 26, 1994",4,Villanova
NYK,21-22,barrerj01,RJ Barrett,False,9,SF,6-6,214,"June 14, 2000",2,Duke
NYK,21-22,burksal01,Alec Burks,False,18,SG,6-5,214,"July 20, 1991",10,Colorado
NYK,21-22,dotsoda01,Damyean Dotson,False,21,SG,6-5,210,"May 6, 1994",4,"Oregon,Houston"
NYK,21-22,fournev01,Evan Fournier,False,13,SG,6-6,205,"October 29, 1992",9,
NYK,21-22,gibsota01,Taj Gibson,False,67,C,6-9,232,"June 24, 1985",12,USC
NYK,21-22,grimequ01,Quentin Grimes,False,6,SG,6-4,210,"May 8, 2000",R,"Kansas,Houston"
NYK,21-22,hallty01,Tyler Hall,False,16,SG,6-5,210,"March 25, 1997",R,Montana State
NYK,21-22,houseda01,Danuel House Jr.,False,44,SF,6-6,220,"June 7, 1993",5,Texas A&M
NYK,21-22,huntfe01,Feron Hunt,False,16,SF,6-8,195,"July 5, 1999",R,SMU
NYK,21-22,knoxke01,Kevin Knox,False,20,SF,6-8,215,"August 11, 1999",3,Kentucky
NYK,21-22,mcbrimi01,Miles McBride,False,2,PG,6-2,195,"September 8, 2000",R,West Virginia
NYK,21-22,moonema01,Matt Mooney,False,31,SG,6-3,199,"February 7, 1996",1,"Air Force,South Dakota,Texas Tech"
NYK,21-22,noelne01,Nerlens Noel,False,3,C,6-10,220,"April 10, 1994",7,Kentucky
NYK,21-22,quickim01,Immanuel Quickley,False,5,PG,6-2,190,"June 17, 1999",1,Kentucky
NYK,21-22,randlju01,Julius Randle,False,30,PF,6-9,250,"November 29, 1994",7,Kentucky
NYK,21-22,reddica01,Cam Reddish,False,21,SF,6-7,230,"September 1, 1999",2,Duke
NYK,21-22,robinmi01,Mitchell Robinson,False,23,C,7-0,240,"April 1, 1998",3,Western Kentucky
NYK,21-22,rosede01,Derrick Rose,False,4,PG,6-3,200,"October 4, 1988",12,Memphis
NYK,21-22,seldewa01,Wayne Selden,False,11,SG,6-4,232,"September 30, 1994",3,Kansas
NYK,21-22,simsje01,Jericho Sims,False,45,PF,6-10,250,"October 20, 1998",R,Texas
NYK,21-22,toppiob01,Obi Toppin,False,1,PF,6-9,220,"March 4, 1998",1,Dayton
NYK,21-22,walkeke02,Kemba Walker,False,8,PG,6-0,184,"May 8, 1990",10,UConn
OKC,21-22,bazleda01,Darius Bazley,False,7,PF,6-9,216,"June 12, 2000",2,
OKC,21-22,deckga01,Gabriel Deck,False,6,PF,6-6,231,"February 8, 1995",1,
OKC,21-22,diakima01,Mamadi Diakite,False,12,PF,6-9,228,"January 21, 1997",1,Virginia
OKC,21-22,dortlu01,Luguentz Dort,False,5,SG,6-4,220,"April 19, 1999",2,Arizona State
OKC,21-22,edwarro01,Rob Edwards,False,25,SG,6-5,205,"January 20, 1997",R,"Cleveland State University,Arizona State"
OKC,21-22,favorde01,Derrick Favors,False,15,C,6-9,265,"July 15, 1991",11,Georgia Tech
OKC,21-22,frazime01,Melvin Frazier,False,6,SG,6-6,210,"August 30, 1996",2,Tulane
OKC,21-22,giddejo01,Josh Giddey,False,3,SF,6-7,216,"October 10, 2002",R,
OKC,21-22,gilgesh01,Shai Gilgeous-Alexander,False,2,PG,6-6,195,"July 12, 1998",3,Kentucky
OKC,21-22,hoardja01,Jaylen Hoard,False,14,SF,6-8,216,"March 30, 1999",2,Wake Forest
OKC,21-22,hopsosc01,Scotty Hopson,False,55,SG,6-7,215,"August 8, 1989",2,Tennessee
OKC,21-22,jeromty01,Ty Jerome,False,16,SG,6-5,195,"July 8, 1997",2,Virginia
OKC,21-22,kalaige01,Georgios Kalaitzakis,False,18,SF,6-8,192,"January 2, 1999",R,
OKC,21-22,krejcvi01,Vít Krejčí,False,27,SG,6-8,195,"June 19, 2000",R,
OKC,21-22,maledth01,Théo Maledon,False,11,PG,6-4,175,"June 12, 2001",1,
OKC,21-22,manntr01,Tre Mann,False,23,PG,6-4,178,"February 3, 2001",R,Florida
OKC,21-22,muscami01,Mike Muscala,False,33,C,6-10,240,"July 1, 1991",8,Bucknell
OKC,21-22,pokusal01,Aleksej Pokusevski,False,17,PF,7-0,210,"December 26, 2001",1,
OKC,21-22,robinje02,Jeremiah Robinson-Earl,False,50,C,6-9,240,"November 3, 2000",R,Villanova
OKC,21-22,robyis01,Isaiah Roby,False,22,PF,6-6,230,"February 3, 1998",2,Nebraska
OKC,21-22,sarrol01,Olivier Sarr,False,30,C,6-10,240,"February 20, 1999",R,"Wake Forest,Kentucky"
OKC,21-22,simpsza01,Zavier Simpson,False,9,PG,6-0,190,"February 11, 1997",R,Michigan
OKC,21-22,waterli01,Lindy Waters III,False,12,SG,6-5,210,"July 28, 1997",R,Oklahoma State
OKC,21-22,watsopa01,Paul Watson,False,8,SF,6-6,210,"December 30, 1994",2,Fresno State
OKC,21-22,wiggiaa01,Aaron Wiggins,False,21,SG,6-5,190,"January 2, 1999",R,Maryland
OKC,21-22,willike04,Kenrich Williams,False,34,SF,6-7,210,"December 2, 1994",3,TCU
ORL,21-22,anthoco01,Cole Anthony,False,50,PG,6-2,185,"May 15, 2000",1,UNC
ORL,21-22,bambamo01,Mo Bamba,False,5,C,7-0,231,"May 12, 1998",3,Texas
ORL,21-22,brazdig01,Ignas Brazdeikis,False,17,SF,6-6,221,"January 8, 1999",2,Michigan
ORL,21-22,cannade01,Devin Cannady,False,30,PG,6-2,183,"May 21, 1996",1,Princeton
ORL,21-22,cartewe01,Wendell Carter Jr.,False,34,PF,6-10,270,"April 16, 1999",3,Duke
ORL,21-22,dowtije01,Jeff Dowtin Jr.,False,11,PG,6-3,177,"May 10, 1997",R,Rhode Island
ORL,21-22,fordal03,Aleem Ford,False,11,SF,6-8,220,"December 22, 1997",R,Wisconsin
ORL,21-22,fraziti01,Tim Frazier,False,8,PG,6-1,170,"November 1, 1990",7,Penn State
ORL,21-22,fultzma01,Markelle Fultz,False,20,PG,6-4,209,"May 29, 1998",4,Washington
ORL,21-22,gillefr01,Freddie Gillespie,False,44,PF,6-9,245,"June 14, 1997",1,"Carleton College,Baylor"
ORL,21-22,graveha01,Hassani Gravett,False,12,PG,6-2,188,"July 16, 1996",R,"Pensacola State,South Carolina"
ORL,21-22,hamptrj01,R.J. Hampton,False,13,SG,6-4,175,"February 7, 2001",1,
ORL,21-22,harriga01,Gary Harris,False,14,SG,6-4,210,"September 14, 1994",7,Michigan State
ORL,21-22,johnsbj01,B.J. Johnson,False,24,SF,6-7,200,"December 21, 1995",2,"Syracuse,La Salle"
ORL,21-22,lopezro01,Robin Lopez,False,33,C,7-1,281,"April 1, 1988",13,Stanford
ORL,21-22,muldemy01,Mychal Mulder,False,2,PG,6-3,195,"June 12, 1994",2,"Vincennes University,Kentucky"
ORL,21-22,okekech01,Chuma Okeke,False,3,PF,6-7,229,"August 18, 1998",1,Auburn
ORL,21-22,rosste01,Terrence Ross,False,31,SG,6-6,206,"February 5, 1991",9,Washington
ORL,21-22,schofad01,Admiral Schofield,False,25,SF,6-5,241,"March 30, 1997",1,Tennessee
ORL,21-22,suggsja01,Jalen Suggs,False,4,PG,6-5,205,"June 3, 2001",R,Gonzaga
ORL,21-22,wagnefr01,Franz Wagner,False,22,SF,6-10,220,"August 27, 2001",R,Michigan
ORL,21-22,wagnemo01,Moritz Wagner,False,21,C,6-11,245,"April 26, 1997",3,Michigan
PHI,21-22,bassech01,Charles Bassey,False,23,C,6-10,230,"October 28, 2000",R,Western Kentucky
PHI,21-22,brownch02,Charlie Brown Jr.,False,16,SG,6-6,199,"February 2, 1997",2,Saint Joseph's
PHI,21-22,caulewi01,Willie Cauley-Stein,False,00,C,7-0,240,"August 18, 1993",6,Kentucky
PHI,21-22,curryse01,Seth Curry,False,31,SG,6-1,185,"August 23, 1990",7,"Liberty,Duke"
PHI,21-22,drumman01,Andre Drummond,False,1,C,6-11,279,"August 10, 1993",9,UConn
PHI,21-22,embiijo01,Joel Embiid,False,21,C,7-0,280,"March 16, 1994",5,Kansas
PHI,21-22,greenda02,Danny Green,False,14,SF,6-6,215,"June 22, 1987",12,UNC
PHI,21-22,hardeja01,James Harden,False,1,PG,6-5,220,"August 26, 1989",12,Arizona State
PHI,21-22,harrito02,Tobias Harris,False,12,PF,6-8,226,"July 15, 1992",10,Tennessee
PHI,21-22,henryaa01,Aaron Henry,False,50,SF,6-5,210,"August 30, 1999",R,Michigan State
PHI,21-22,joeis01,Isaiah Joe,False,7,SG,6-4,165,"July 2, 1999",1,Arkansas
PHI,21-22,johnsty01,Tyler Johnson,False,8,PG,6-3,186,"May 7, 1992",7,Fresno State
PHI,21-22,jordade01,DeAndre Jordan,False,9,C,6-11,265,"July 21, 1988",13,Texas A&M
PHI,21-22,keybr01,Braxton Key,False,17,SF,6-7,225,"February 14, 1997",R,"Alabama,Virginia"
PHI,21-22,korkmfu01,Furkan Korkmaz,False,30,SG,6-7,202,"July 24, 1997",4,
PHI,21-22,maxeyty01,Tyrese Maxey,False,0,PG,6-2,200,"November 4, 2000",1,Kentucky
PHI,21-22,millspa01,Paul Millsap,False,8,C,6-7,257,"February 10, 1985",15,Louisiana Tech
PHI,21-22,miltosh01,Shake Milton,False,18,SG,6-5,205,"September 26, 1996",3,SMU
PHI,21-22,niangge01,Georges Niang,False,20,PF,6-6,230,"June 17, 1993",5,Iowa State
PHI,21-22,powelmy01,Myles Powell,False,5,PG,6-2,195,"July 7, 1997",R,Seton Hall
PHI,21-22,reedpa01,Paul Reed,False,44,C,6-9,210,"June 14, 1999",1,DePaul
PHI,21-22,sprinja01,Jaden Springer,False,11,SG,6-4,202,"September 25, 2002",R,Tennessee
PHI,21-22,thybuma01,Matisse Thybulle,False,22,SG,6-5,202,"March 4, 1997",2,Washington
PHO,21-22,aytonde01,Deandre Ayton,False,22,C,7-0,252,"July 23, 1998",3,Arizona
PHO,21-22,basspa01,Paris Bass,False,30,SF,6-8,200,"August 29, 1995",R,Detroit Mercy
PHO,21-22,biyombi01,Bismack Biyombo,False,18,C,6-8,255,"August 28, 1992",10,
PHO,21-22,bookede01,Devin Booker,False,1,SG,6-5,206,"October 30, 1996",6,Kentucky
PHO,21-22,bridgmi01,Mikal Bridges,False,25,SF,6-6,209,"August 30, 1996",3,Villanova
PHO,21-22,craigto01,Torrey Craig,False,0,SF,6-5,221,"December 19, 1990",4,USC Upstate
PHO,21-22,crowdja01,Jae Crowder,False,99,PF,6-6,235,"July 6, 1990",9,Marquette
PHO,21-22,holidaa01,Aaron Holiday,False,4,PG,6-0,185,"September 30, 1996",3,UCLA
PHO,21-22,hutchch01,Chandler Hutchison,False,35,SF,6-6,210,"April 26, 1996",3,Boise State
PHO,21-22,jacksju01,Justin Jackson,False,45,SF,6-8,220,"March 28, 1995",4,UNC
PHO,21-22,johnsca02,Cameron Johnson,False,23,PF,6-8,210,"March 3, 1996",2,"Pitt,UNC"
PHO,21-22,kaminfr01,Frank Kaminsky,False,8,C,7-0,240,"April 4, 1993",6,Wisconsin
PHO,21-22,lundbga01,Gabriel Lundberg,False,19,SG,6-4,203,"December 4, 1994",R,
PHO,21-22,mcgeeja01,JaVale McGee,False,00,C,7-0,270,"January 19, 1988",13,Nevada
PHO,21-22,naderab01,Abdel Nader,False,11,SF,6-5,225,"September 25, 1993",4,"Northern Illinois,Iowa State"
PHO,21-22,paulch01,Chris Paul,False,3,PG,6-0,175,"May 6, 1985",16,Wake Forest
PHO,21-22,payneca01,Cameron Payne,False,15,PG,6-2,183,"August 8, 1994",6,Murray State
PHO,21-22,paytoel01,Elfrid Payton,False,2,PG,6-3,195,"February 22, 1994",7,Louisiana
PHO,21-22,shamela01,Landry Shamet,False,14,SG,6-5,190,"March 13, 1997",3,Wichita State
PHO,21-22,smithja04,Jalen Smith,False,10,PF,6-8,215,"March 16, 2000",1,Maryland
PHO,21-22,terryem01,Emanuel Terry,False,26,PF,6-9,220,"August 21, 1996",1,Lincoln Memorial
PHO,21-22,wainris01,Ish Wainright,False,12,PF,6-5,250,"September 12, 1994",R,Baylor
PHO,21-22,walkemj01,M.J. Walker,False,21,SG,6-5,213,"March 28, 1998",R,Florida State
POR,21-22,blevike01,Keljin Blevins,False,21,SF,6-4,200,"November 24, 1995",1,"Southern Miss,Montana State"
POR,21-22,browngr01,Greg Brown III,False,4,SF,6-7,206,"September 1, 2001",R,Texas
POR,21-22,covinro01,Robert Covington,False,33,PF,6-7,209,"December 14, 1990",8,Tennessee State
POR,21-22,cumbeja01,Jarron Cumberland,False,34,SG,6-5,205,"September 22, 1997",R,Cincinnati
POR,21-22,dunnkr01,Kris Dunn,False,18,PG,6-3,205,"March 18, 1994",5,Providence
POR,21-22,ellebcj01,CJ Elleby,False,16,SF,6-6,200,"June 16, 2000",1,Washington State
POR,21-22,eubandr01,Drew Eubanks,False,24,C,6-10,245,"February 1, 1997",3,Oregon State
POR,21-22,hartjo01,Josh Hart,False,11,SG,6-5,215,"March 6, 1995",4,Villanova
POR,21-22,hugheel01,Elijah Hughes,False,19,SG,6-5,215,"March 10, 1998",1,"Syracuse,East Carolina University"
POR,21-22,johnske07,Keon Johnson,False,6,SG,6-5,185,"March 10, 2002",R,Tennessee
POR,21-22,lillada01,Damian Lillard,False,0,PG,6-2,200,"July 15, 1990",9,Weber State
POR,21-22,littlna01,Nassir Little,False,9,SF,6-6,220,"February 11, 2000",2,UNC
POR,21-22,louzama01,Didi Louzada,False,35,SG,6-5,188,"February 7, 1999",1,
POR,21-22,mccolcj01,CJ McCollum,False,3,SG,6-3,190,"September 19, 1991",8,Lehigh
POR,21-22,mcgrica01,Cameron McGriff,False,8,SF,6-7,220,"September 30, 1997",R,Oklahoma State
POR,21-22,mclembe01,Ben McLemore,False,23,SG,6-3,195,"February 11, 1993",8,Kansas
POR,21-22,nancela02,Larry Nance Jr.,False,11,C,6-6,245,"January 1, 1993",6,Wyoming
POR,21-22,nurkiju01,Jusuf Nurkić,False,27,C,6-11,290,"August 23, 1994",7,
POR,21-22,perryre01,Reggie Perry,False,"10, 18",PF,6-8,250,"March 21, 2000",1,Mississippi State
POR,21-22,powelno01,Norman Powell,False,24,SF,6-3,215,"May 25, 1993",6,UCLA
POR,21-22,simonan01,Anfernee Simons,False,1,SG,6-3,200,"June 8, 1999",3,
POR,21-22,smithde03,Dennis Smith Jr.,False,10,PG,6-2,205,"November 25, 1997",4,NC State
POR,21-22,snellto01,Tony Snell,False,17,SG,6-6,213,"November 10, 1991",8,New Mexico
POR,21-22,watfotr01,Trendon Watford,False,2,SF,6-8,237,"November 9, 2000",R,LSU
POR,21-22,willibr03,Brandon Williams,False,"5, 8",PG,6-1,190,"November 22, 1999",R,Arizona
POR,21-22,winslju01,Justise Winslow,False,26,PF,6-6,222,"March 26, 1996",6,Duke
POR,21-22,zelleco01,Cody Zeller,False,40,C,6-11,240,"October 5, 1992",8,Indiana
SAC,21-22,baglema01,Marvin Bagley III,False,35,PF,6-10,235,"March 14, 1999",3,Duke
SAC,21-22,barneha02,Harrison Barnes,False,40,PF,6-7,225,"May 30, 1992",9,UNC
SAC,21-22,daviste02,Terence Davis,False,3,SG,6-4,201,"May 16, 1997",2,Ole Miss
SAC,21-22,divindo01,Donte DiVincenzo,False,0,SG,6-4,203,"January 31, 1997",3,Villanova
SAC,21-22,foxde01,De'Aaron Fox,False,5,PG,6-3,185,"December 20, 1997",4,Kentucky
SAC,21-22,halibty01,Tyrese Haliburton,False,0,SG,6-5,185,"February 29, 2000",1,Iowa State
SAC,21-22,harklma01,Maurice Harkless,False,8,SF,6-7,220,"May 11, 1993",9,St. John's
SAC,21-22,hieldbu01,Buddy Hield,False,24,SG,6-4,220,"December 17, 1992",5,Oklahoma
SAC,21-22,holidju01,Justin Holiday,False,9,SG,6-6,180,"April 5, 1989",8,Washington
SAC,21-22,holmeri01,Richaun Holmes,False,22,C,6-9,235,"October 15, 1993",6,Bowling Green
SAC,21-22,jacksjo02,Josh Jackson,False,55,SF,6-8,207,"February 10, 1997",4,Kansas
SAC,21-22,jonesda03,Damian Jones,False,30,C,6-10,245,"June 30, 1995",5,Vanderbilt
SAC,21-22,kinglo02,Louis King,False,23,SF,6-7,205,"April 6, 1999",2,Oregon
SAC,21-22,lambje01,Jeremy Lamb,False,26,SG,6-5,180,"May 30, 1992",9,UConn
SAC,21-22,lenal01,Alex Len,False,25,C,7-0,250,"June 16, 1993",8,Maryland
SAC,21-22,lylestr01,Trey Lyles,False,41,PF,6-9,234,"November 5, 1995",6,Kentucky
SAC,21-22,metuch01,Chimezie Metu,False,7,C,6-10,225,"March 22, 1997",3,USC
SAC,21-22,mitchda01,Davion Mitchell,False,15,PG,6-0,202,"September 5, 1998",R,"Auburn,Baylor"
SAC,21-22,mudiaem01,Emmanuel Mudiay,False,10,PG,6-3,200,"March 5, 1996",5,
SAC,21-22,murkead01,Ade Murkey,False,31,SG,6-5,200,"January 29, 1998",R,Denver
SAC,21-22,quetane01,Neemias Queta,False,88,C,7-0,248,"July 13, 1999",R,Utah State University
SAC,21-22,ramseja01,Jahmi'us Ramsey,False,20,SG,6-3,190,"June 9, 2001",1,Texas Tech
SAC,21-22,robinju01,Justin Robinson,False,9,PG,6-1,195,"October 12, 1997",2,Virginia Tech
SAC,21-22,sabondo01,Domantas Sabonis,False,10,PF,6-10,240,"May 3, 1996",5,Gonzaga
SAC,21-22,thomptr01,Tristan Thompson,False,13,C,6-9,254,"March 13, 1991",10,Texas
SAC,21-22,woodaro01,Robert Woodard II,False,17,SF,6-6,235,"September 22, 1999",1,Mississippi State
SAS,21-22,bateske01,Keita Bates-Diop,False,31,SF,6-8,229,"January 23, 1996",3,Ohio State
SAS,21-22,cacokde01,Devontae Cacok,False,18,PF,6-7,240,"October 8, 1996",2,UNC Wilmington
SAS,21-22,colliza01,Zach Collins,False,23,C,6-9,250,"November 19, 1997",3,Gonzaga
SAS,21-22,eubandr01,Drew Eubanks,False,14,C,6-10,245,"February 1, 1997",3,Oregon State
SAS,21-22,forbebr01,Bryn Forbes,False,7,SG,6-2,205,"July 23, 1993",5,Michigan State
SAS,21-22,hernaju01,Juancho Hernangómez,False,41,PF,6-9,214,"September 28, 1995",5,
SAS,21-22,johnske04,Keldon Johnson,False,3,SF,6-6,220,"October 11, 1999",2,Kentucky
SAS,21-22,johnsty01,Tyler Johnson,False,28,PG,6-3,186,"May 7, 1992",7,Fresno State
SAS,21-22,jonestr01,Tre Jones,False,33,PG,6-1,185,"January 8, 2000",1,Duke
SAS,21-22,lamban01,Anthony Lamb,False,35,SF,6-6,227,"January 20, 1998",1,University of Vermont
SAS,21-22,landajo01,Jock Landale,False,34,C,6-11,255,"October 25, 1995",R,Saint Mary's
SAS,21-22,langfro01,Romeo Langford,False,35,SG,6-5,216,"October 25, 1999",2,Indiana
SAS,21-22,mcderdo01,Doug McDermott,False,17,PF,6-7,225,"January 3, 1992",7,Creighton
SAS,21-22,morrija01,Jaylen Morris,False,16,SG,6-5,185,"September 19, 1995",2,Molloy
SAS,21-22,murrade01,Dejounte Murray,False,5,PG,6-4,180,"September 19, 1996",4,Washington
SAS,21-22,poeltja01,Jakob Poeltl,False,25,C,7-0,253,"October 15, 1995",5,Utah
SAS,21-22,primojo01,Joshua Primo,False,11,SF,6-4,189,"December 24, 2002",R,Alabama
SAS,21-22,richajo01,Josh Richardson,False,7,SG,6-5,200,"September 15, 1993",6,Tennessee
SAS,21-22,satorto01,Tomáš Satoranský,False,45,SF,6-7,210,"October 30, 1991",5,
SAS,21-22,vassede01,Devin Vassell,False,24,SF,6-5,200,"August 23, 2000",1,Florida State
SAS,21-22,walkelo01,Lonnie Walker IV,False,1,SG,6-4,204,"December 14, 1998",3,Miami (FL)
SAS,21-22,whitede01,Derrick White,False,4,SG,6-4,190,"July 2, 1994",4,"Colorado-Colorado Springs,Colorado"
SAS,21-22,wieskjo01,Joe Wieskamp,False,15,SG,6-6,205,"August 23, 1999",R,Iowa
SAS,21-22,youngth01,Thaddeus Young,False,30,PF,6-8,225,"June 21, 1988",14,Georgia Tech
TOR,21-22,achiupr01,Precious Achiuwa,False,5,C,6-8,243,"September 19, 1999",1,Memphis
TOR,21-22,anunoog01,OG Anunoby,False,3,SF,6-7,240,"July 17, 1997",4,Indiana
TOR,21-22,bantoda01,Dalano Banton,False,45,PG,6-8,203,"November 7, 1999",R,Nebraska
TOR,21-22,barnesc01,Scottie Barnes,False,4,PF,6-8,237,"August 1, 2001",R,Florida State
TOR,21-22,birchkh01,Khem Birch,False,24,C,6-8,233,"September 28, 1992",4,"Pitt,UNLV"
TOR,21-22,bongais01,Isaac Bonga,False,17,SF,6-8,180,"November 8, 1999",3,
TOR,21-22,bouchch01,Chris Boucher,False,25,SF,6-8,200,"January 11, 1993",4,"New Mexico Junior College,Northwest College,Oregon"
TOR,21-22,brookar01,Armoni Brooks,False,1,PG,6-3,195,"June 5, 1998",1,Houston
TOR,21-22,champju01,Justin Champagnie,False,11,SF,6-6,206,"June 29, 2001",R,Pitt
TOR,21-22,dekkesa01,Sam Dekker,False,8,PF,6-9,230,"May 6, 1994",4,Wisconsin
TOR,21-22,dragigo01,Goran Dragić,False,1,PG,6-4,190,"May 6, 1986",13,
TOR,21-22,flynnma01,Malachi Flynn,False,22,PG,6-1,185,"May 10, 1998",1,"Washington State,San Diego State"
TOR,21-22,johnsda08,David Johnson,False,13,SG,6-4,203,"February 26, 2001",R,Louisville
TOR,21-22,morgaju01,Juwan Morgan,False,16,PF,6-7,232,"April 17, 1997",2,Indiana
TOR,21-22,mykhasv01,Svi Mykhailiuk,False,14,SF,6-7,205,"June 10, 1997",3,Kansas
TOR,21-22,oturuda01,Daniel Oturu,False,20,C,6-10,240,"September 20, 1999",1,Minnesota
TOR,21-22,siakapa01,Pascal Siakam,False,43,PF,6-8,245,"April 2, 1994",5,New Mexico State
TOR,21-22,trentga02,Gary Trent Jr.,False,33,SG,6-5,204,"January 18, 1999",3,Duke
TOR,21-22,vanvlfr01,Fred VanVleet,False,23,PG,6-0,197,"February 25, 1994",5,Wichita State
TOR,21-22,watanyu01,Yuta Watanabe,False,18,SF,6-9,215,"October 13, 1994",3,George Washington
TOR,21-22,watertr01,Tremont Waters,False,51,PG,5-10,175,"January 10, 1998",2,LSU
TOR,21-22,wilsodj01,D.J. Wilson,False,9,PF,6-10,231,"February 19, 1996",4,Michigan
TOR,21-22,youngth01,Thaddeus Young,False,21,PF,6-8,225,"June 21, 1988",14,Georgia Tech
UTA,21-22,alexani01,Nickeil Alexander-Walker,False,6,SG,6-5,205,"September 2, 1998",2,Virginia Tech
UTA,21-22,azubuud01,Udoka Azubuike,False,20,C,6-11,270,"September 17, 1999",1,Kansas
UTA,21-22,bogdabo02,Bojan Bogdanović,False,44,PF,6-7,226,"April 18, 1989",7,
UTA,21-22,butleja02,Jared Butler,False,13,SG,6-3,193,"August 25, 2000",R,Baylor
UTA,21-22,cheatzy01,Zylan Cheatham,False,6,SF,6-5,220,"November 17, 1995",1,"San Diego State,Arizona State"
UTA,21-22,clarkjo01,Jordan Clarkson,False,00,SG,6-5,194,"June 7, 1992",7,"Tulsa,Missouri"
UTA,21-22,conlemi01,Mike Conley,False,11,PG,6-1,175,"October 11, 1987",14,Ohio State
UTA,21-22,fittsma01,Malik Fitts,False,24,PF,6-5,230,"July 4, 1997",1,"South Florida,Saint Mary's"
UTA,21-22,forretr01,Trent Forrest,False,3,PG,6-4,210,"June 12, 1998",1,Florida State
UTA,21-22,gayru01,Rudy Gay,False,8,PF,6-8,250,"August 17, 1986",15,UConn
UTA,21-22,goberru01,Rudy Gobert,False,27,C,7-1,258,"June 26, 1992",8,
UTA,21-22,hernaju01,Juancho Hernangómez,False,41,PF,6-9,214,"September 28, 1995",5,
UTA,21-22,houseda01,Danuel House Jr.,False,25,SF,6-6,220,"June 7, 1993",5,Texas A&M
UTA,21-22,hugheel01,Elijah Hughes,False,33,SF,6-5,215,"March 10, 1998",1,"Syracuse,East Carolina University"
UTA,21-22,inglejo01,Joe Ingles,False,2,SF,6-8,220,"October 2, 1987",7,
UTA,21-22,mitchdo01,Donovan Mitchell,False,45,SG,6-2,215,"September 7, 1996",4,Louisville
UTA,21-22,monrogr01,Greg Monroe,False,10,C,6-11,265,"June 4, 1990",9,Georgetown
UTA,21-22,onealro01,Royce O'Neale,False,23,SF,6-6,226,"June 5, 1993",4,"Denver,Baylor"
UTA,21-22,onimi01,Miye Oni,False,81,SG,6-5,206,"August 4, 1997",2,Yale
UTA,21-22,pascher01,Eric Paschall,False,0,PF,6-6,255,"November 4, 1996",2,"Fordham,Villanova"
UTA,21-22,pelleno01,Norvel Pelle,False,5,C,6-10,231,"February 3, 1993",2,
UTA,21-22,sneedxa01,Xavier Sneed,False,19,SF,6-5,215,"December 21, 1997",R,Kansas State
UTA,21-22,valende01,Denzel Valentine,False,15,SG,6-4,220,"November 16, 1993",4,Michigan State
UTA,21-22,whiteha01,Hassan Whiteside,False,21,C,7-0,265,"June 13, 1989",9,Marshall
WAS,21-22,avdijde01,Deni Avdija,False,9,SF,6-8,228,"January 3, 2001",1,
WAS,21-22,ayayijo01,Joel Ayayi,False,17,SG,6-4,180,"March 5, 2000",R,Gonzaga
WAS,21-22,bealbr01,Bradley Beal,False,3,SG,6-4,207,"June 28, 1993",9,Florida
WAS,21-22,bertada01,Dāvis Bertāns,False,42,PF,6-10,225,"November 12, 1992",5,
WAS,21-22,bryanth01,Thomas Bryant,False,13,C,6-9,248,"July 31, 1997",4,Indiana
WAS,21-22,caldwke01,Kentavious Caldwell-Pope,False,1,SG,6-5,204,"February 18, 1993",8,Georgia
WAS,21-22,careyve01,Vernon Carey Jr.,False,22,C,6-10,270,"February 25, 2001",1,Duke
WAS,21-22,dinwisp01,Spencer Dinwiddie,False,26,PG,6-5,215,"April 6, 1993",7,Colorado
WAS,21-22,echenja01,Jaime Echenique,False,12,C,6-11,258,"April 27, 1997",R,"Trinity Valley CC,Wichita State"
WAS,21-22,gaffoda01,Daniel Gafford,False,21,C,6-10,265,"October 1, 1998",2,Arkansas
WAS,21-22,gillan01,Anthony Gill,False,16,PF,6-7,230,"October 17, 1992",1,"South Carolina,Virginia"
WAS,21-22,goodwjo01,Jordan Goodwin,False,7,SG,6-3,215,"October 23, 1998",R,Saint Louis
WAS,21-22,hachiru01,Rui Hachimura,False,8,PF,6-8,230,"February 8, 1998",2,Gonzaga
WAS,21-22,harremo01,Montrezl Harrell,False,6,C,6-7,240,"January 26, 1994",6,Louisville
WAS,21-22,holidaa01,Aaron Holiday,False,4,PG,6-0,185,"September 30, 1996",3,UCLA
WAS,21-22,johnsal02,Alize Johnson,False,27,PF,6-9,212,"April 22, 1996",3,"Frank Phillips College,Missouri State"
WAS,21-22,kispeco01,Corey Kispert,False,24,SF,6-6,224,"March 3, 1999",R,Gonzaga
WAS,21-22,kuzmaky01,Kyle Kuzma,False,33,PF,6-8,221,"July 24, 1995",4,Utah
WAS,21-22,monrogr01,Greg Monroe,False,55,C,6-11,265,"June 4, 1990",9,Georgetown
WAS,21-22,netora01,Raul Neto,False,19,PG,6-2,180,"May 19, 1992",6,
WAS,21-22,porzikr01,Kristaps Porziņģis,False,6,PF,7-2,240,"August 2, 1995",5,
WAS,21-22,satorto01,Tomáš Satoranský,False,31,PG,6-7,210,"October 30, 1991",5,
WAS,21-22,schakjo01,Jordan Schakel,False,20,SG,6-6,200,"June 13, 1998",R,San Diego State
WAS,21-22,smithis01,Ish Smith,False,4,PG,6-0,175,"July 5, 1988",11,Wake Forest
WAS,21-22,swordcr01,Craig Sword,False,32,SG,6-3,196,"January 16, 1994",R,Mississippi State
WAS,21-22,toddis01,Isaiah Todd,False,14,PF,6-9,219,"October 17, 2001",R,
WAS,21-22,wanambr01,Brad Wanamaker,False,22,PG,6-3,210,"July 25, 1989",3,Pitt
WAS,21-22,watertr01,Tremont Waters,False,51,PG,5-10,175,"January 10, 1998",2,LSU
WAS,21-22,winstca01,Cassius Winston,False,5,PG,6-1,185,"February 28, 1998",1,Michigan State
ATL,22-23,beysa01,Saddiq Bey,False,41,SF,6-8,215,"April 9, 1999",2,Villanova
ATL,22-23,bogdabo01,Bogdan Bogdanović,False,13,SG,6-5,225,"August 18, 1992",5,
ATL,22-23,capelca01,Clint Capela,False,15,C,6-10,256,"May 18, 1994",8,
ATL,22-23,collijo01,John Collins,False,20,PF,6-9,226,"September 23, 1997",5,Wake Forest
ATL,22-23,culveja01,Jarrett Culver,False,7,SF,6-6,195,"February 20, 1999",3,Texas Tech
ATL,22-23,fernabr01,Bruno Fernando,False,24,C,6-9,240,"August 15, 1998",3,Maryland
ATL,22-23,forretr01,Trent Forrest,False,2,SG,6-4,210,"June 12, 1998",2,Florida State
ATL,22-23,griffaj01,AJ Griffin,False,14,SF,6-6,220,"August 25, 2003",R,Duke
ATL,22-23,holidaa01,Aaron Holiday,False,3,PG,6-0,185,"September 30, 1996",4,UCLA
ATL,22-23,holidju01,Justin Holiday,False,8,SF,6-6,180,"April 5, 1989",9,Washington
ATL,22-23,huntede01,De'Andre Hunter,False,12,SF,6-7,221,"December 2, 1997",3,Virginia
ATL,22-23,johnsja05,Jalen Johnson,False,1,SF,6-8,219,"December 18, 2001",1,Duke
ATL,22-23,kaminfr01,Frank Kaminsky,False,0,C,7-0,240,"April 4, 1993",7,Wisconsin
ATL,22-23,krejcvi01,Vít Krejčí,False,27,PG,6-8,195,"June 19, 2000",1,
ATL,22-23,martity01,Tyrese Martin,False,22,SG,6-6,215,"March 7, 1999",R,"Rhode Island,UConn"
ATL,22-23,mathega01,Garrison Mathews,False,25,SG,6-5,215,"October 24, 1996",3,Lipscomb
ATL,22-23,murrade01,Dejounte Murray,False,5,SG,6-4,180,"September 19, 1996",5,Washington
ATL,22-23,okongon01,Onyeka Okongwu,False,17,C,6-10,240,"December 11, 2000",2,USC
ATL,22-23,willido02,Donovan Williams,False,4,SG,6-6,190,"September 6, 2001",R,"Texas,UNLV"
ATL,22-23,youngtr01,Trae Young,False,11,PG,6-2,164,"September 19, 1998",4,Oklahoma
BOS,22-23,brogdma01,Malcolm Brogdon,False,13,PG,6-4,229,"December 11, 1992",6,Virginia
BOS,22-23,brownja02,Jaylen Brown,False,7,SF,6-6,223,"October 24, 1996",6,California
BOS,22-23,champju01,Justin Champagnie,False,99,SF,6-6,206,"June 29, 2001",1,Pitt
BOS,22-23,davisjd01,JD Davison,False,20,SG,6-1,195,"October 3, 2002",R,Alabama
BOS,22-23,griffbl01,Blake Griffin,False,91,C,6-9,250,"March 16, 1989",12,Oklahoma
BOS,22-23,hausesa01,Sam Hauser,False,30,SF,6-7,217,"December 8, 1997",1,"Marquette,Virginia"
BOS,22-23,horfoal01,Al Horford,False,42,C,6-8,240,"June 3, 1986",15,Florida
BOS,22-23,jacksju01,Justin Jackson,False,43,SF,6-8,220,"March 28, 1995",5,UNC
BOS,22-23,kabenmf01,Mfiondu Kabengele,False,28,PF,6-10,250,"August 14, 1997",2,Florida State
BOS,22-23,kornelu01,Luke Kornet,False,40,C,7-1,250,"July 15, 1995",5,Vanderbilt
BOS,22-23,muscami01,Mike Muscala,False,57,C,6-10,240,"July 1, 1991",9,Bucknell
BOS,22-23,pritcpa01,Payton Pritchard,False,11,PG,6-1,195,"January 28, 1998",2,Oregon
BOS,22-23,smartma01,Marcus Smart,False,36,PG,6-3,220,"March 6, 1994",8,Oklahoma State
BOS,22-23,tatumja01,Jayson Tatum,False,0,SF,6-8,210,"March 3, 1998",5,Duke
BOS,22-23,vonleno01,Noah Vonleh,False,4,C,6-10,257,"August 24, 1995",7,Indiana
BOS,22-23,whitede01,Derrick White,False,9,SG,6-4,190,"July 2, 1994",5,"Colorado-Colorado Springs,Colorado"
BOS,22-23,willigr01,Grant Williams,False,12,PF,6-7,236,"November 30, 1998",3,Tennessee
BOS,22-23,williro04,Robert Williams,False,44,C,6-9,249,"October 17, 1997",4,Texas A&M
BRK,22-23,bridgmi01,Mikal Bridges,False,1,SG,6-6,209,"August 30, 1996",4,Villanova
BRK,22-23,brownmo01,Moses Brown,False,0,C,7-2,258,"October 13, 1999",3,UCLA
BRK,22-23,claxtni01,Nic Claxton,False,33,C,6-11,215,"April 17, 1999",3,Georgia
BRK,22-23,curryse01,Seth Curry,False,30,SG,6-1,185,"August 23, 1990",8,"Liberty,Duke"
BRK,22-23,dinwisp01,Spencer Dinwiddie,False,26,PG,6-5,215,"April 6, 1993",8,Colorado
BRK,22-23,dukeda01,David Duke Jr.,False,6,SG,6-4,204,"October 13, 1999",1,Providence
BRK,22-23,duranke01,Kevin Durant,False,7,PF,6-11,240,"September 29, 1988",14,Texas
BRK,22-23,edwarke02,Kessler Edwards,False,14,SF,6-8,203,"August 9, 2000",1,Pepperdine
BRK,22-23,finnedo01,Dorian Finney-Smith,False,28,PF,6-7,220,"May 4, 1993",6,Florida
BRK,22-23,grayra01,RaiQuan Gray,False,0,PF,6-7,260,"July 7, 1999",R,Florida State
BRK,22-23,harrijo01,Joe Harris,False,12,SF,6-6,220,"September 6, 1991",8,Virginia
BRK,22-23,irvinky01,Kyrie Irving,False,11,PG,6-2,195,"March 23, 1992",11,Duke
BRK,22-23,johnsca02,Cameron Johnson,False,2,PF,6-8,210,"March 3, 1996",3,"Pitt,UNC"
BRK,22-23,millspa02,Patty Mills,False,8,PG,6-2,180,"August 11, 1988",13,Saint Mary's
BRK,22-23,morrima02,Markieff Morris,False,13,PF,6-9,245,"September 2, 1989",11,Kansas
BRK,22-23,noelne01,Nerlens Noel,False,0,C,6-10,220,"April 10, 1994",8,Kentucky
BRK,22-23,onealro01,Royce O'Neale,False,00,SF,6-6,226,"June 5, 1993",5,"Denver,Baylor"
BRK,22-23,sharpda01,Day'Ron Sharpe,False,20,C,6-10,265,"November 6, 2001",1,UNC
BRK,22-23,simmobe01,Ben Simmons,False,10,PG,6-10,240,"July 20, 1996",4,LSU
BRK,22-23,smithdr01,Dru Smith,False,9,SG,6-2,203,"December 30, 1997",R,"University of Evansville,Missouri"
BRK,22-23,sumneed01,Edmond Sumner,False,4,SG,6-4,190,"December 31, 1995",4,Xavier
BRK,22-23,thomaca02,Cam Thomas,False,24,SG,6-3,210,"October 13, 2001",1,LSU
BRK,22-23,warretj01,T.J. Warren,False,1,PF,6-8,220,"September 5, 1993",7,NC State
BRK,22-23,watanyu01,Yuta Watanabe,False,18,SF,6-9,215,"October 13, 1994",4,George Washington
BRK,22-23,willial06,Alondes Williams,False,31,SG,6-4,210,"June 19, 1999",R,"Triton College,Oklahoma,Wake Forest"
CHI,22-23,beverpa01,Patrick Beverley,False,21,PG,6-2,180,"July 12, 1988",10,Arkansas
CHI,22-23,bradlto01,Tony Bradley,False,13,C,6-10,248,"January 8, 1998",5,UNC
CHI,22-23,carusal01,Alex Caruso,False,6,PG,6-5,186,"February 28, 1994",5,Texas A&M
CHI,22-23,derozde01,DeMar DeRozan,False,11,SF,6-6,220,"August 7, 1989",13,USC
CHI,22-23,dosunay01,Ayo Dosunmu,False,12,SG,6-4,200,"January 17, 2000",1,Illinois
CHI,22-23,dragigo01,Goran Dragić,False,7,PG,6-4,190,"May 6, 1986",14,
CHI,22-23,drumman01,Andre Drummond,False,3,C,6-11,279,"August 10, 1993",10,UConn
CHI,22-23,greenja02,Javonte Green,False,24,SF,6-5,205,"July 23, 1993",3,Radford
CHI,22-23,hillma01,Malcolm Hill,False,21,SF,6-6,220,"October 26, 1995",1,Illinois
CHI,22-23,jonesca03,Carlik Jones,False,22,PG,6-0,174,"December 23, 1997",1,"Radford,Louisville"
CHI,22-23,jonesde02,Derrick Jones Jr.,False,5,PF,6-6,210,"February 15, 1997",6,UNLV
CHI,22-23,lavinza01,Zach LaVine,False,8,SG,6-5,200,"March 10, 1995",8,UCLA
CHI,22-23,simonma01,Marko Simonovic,False,19,C,7-0,220,"October 15, 1999",1,
CHI,22-23,taylote01,Terry Taylor,False,32,PF,6-5,230,"September 23, 1999",1,Austin Peay State University
CHI,22-23,terryda01,Dalen Terry,False,25,SG,6-6,195,"July 12, 2002",R,Arizona
CHI,22-23,vucevni01,Nikola Vučević,False,9,C,6-9,260,"October 24, 1990",11,USC
CHI,22-23,whiteco01,Coby White,False,0,SG,6-4,195,"February 16, 2000",3,UNC
CHI,22-23,willipa01,Patrick Williams,False,44,PF,6-6,215,"August 26, 2001",2,Florida State
CHO,22-23,ballla01,LaMelo Ball,False,1,PG,6-7,180,"August 22, 2001",2,
CHO,22-23,bouknja01,James Bouknight,False,2,SG,6-4,190,"September 18, 2000",1,UConn
CHO,22-23,haywago01,Gordon Hayward,False,20,SF,6-7,225,"March 23, 1990",12,Butler
CHO,22-23,joneska01,Kai Jones,False,23,C,6-11,221,"January 19, 2001",1,Texas
CHO,22-23,maledth01,Théo Maledon,False,9,PG,6-4,175,"June 12, 2001",2,
CHO,22-23,martico01,Cody Martin,False,11,SF,6-6,205,"September 28, 1995",3,"NC State,Nevada"
CHO,22-23,mcdanja01,Jalen McDaniels,False,6,SF,6-9,205,"January 31, 1998",3,San Diego State
CHO,22-23,mcgowbr01,Bryce McGowens,False,7,SG,6-6,190,"November 8, 2002",R,Nebraska
CHO,22-23,mykhasv01,Svi Mykhailiuk,False,10,SF,6-7,205,"June 10, 1997",4,Kansas
CHO,22-23,oubreke01,Kelly Oubre Jr.,False,12,SF,6-8,203,"December 9, 1995",7,Kansas
CHO,22-23,plumlma01,Mason Plumlee,False,24,C,7-0,254,"March 5, 1990",9,Duke
CHO,22-23,richani01,Nick Richards,False,4,C,6-11,245,"November 29, 1997",2,Kentucky
CHO,22-23,roziete01,Terry Rozier,False,3,SG,6-1,190,"March 17, 1994",7,Louisville
CHO,22-23,simmoko01,Kobi Simmons,False,14,SG,6-5,180,"July 4, 1997",2,Arizona
CHO,22-23,smithde03,Dennis Smith Jr.,False,8,PG,6-2,205,"November 25, 1997",5,NC State
CHO,22-23,sneedxa01,Xavier Sneed,False,22,SF,6-5,215,"December 21, 1997",1,Kansas State
CHO,22-23,thorjt01,JT Thor,False,21,PF,6-9,203,"August 26, 2002",1,Auburn
CHO,22-23,washipj01,P.J. Washington,False,25,PF,6-7,230,"August 23, 1998",3,Kentucky
CHO,22-23,willima07,Mark Williams,False,5,C,7-1,240,"December 16, 2001",R,Duke
CLE,22-23,allenja01,Jarrett Allen,False,31,C,6-9,243,"April 21, 1998",5,Texas
CLE,22-23,diakima01,Mamadi Diakite,False,21,C,6-9,228,"January 21, 1997",2,Virginia
CLE,22-23,garlada01,Darius Garland,False,10,PG,6-1,192,"January 26, 2000",3,Vanderbilt
CLE,22-23,greenda02,Danny Green,False,14,SG,6-6,215,"June 22, 1987",13,UNC
CLE,22-23,leverca01,Caris LeVert,False,3,SG,6-7,205,"August 25, 1994",6,Michigan
CLE,22-23,lopezro01,Robin Lopez,False,33,C,7-1,281,"April 1, 1988",14,Stanford
CLE,22-23,loveke01,Kevin Love,False,0,PF,6-10,251,"September 7, 1988",14,UCLA
CLE,22-23,merrisa01,Sam Merrill,False,5,SG,6-4,205,"May 15, 1996",2,Utah State University
CLE,22-23,mitchdo01,Donovan Mitchell,False,45,SG,6-2,215,"September 7, 1996",5,Louisville
CLE,22-23,mobleev01,Evan Mobley,False,4,PF,6-11,215,"June 18, 2001",1,USC
CLE,22-23,mobleis01,Isaiah Mobley,False,15,PF,6-8,238,"September 24, 1999",R,USC
CLE,22-23,netora01,Raul Neto,False,19,PG,6-2,180,"May 19, 1992",7,
CLE,22-23,okorois01,Isaac Okoro,False,35,SF,6-4,225,"January 26, 2001",2,Auburn
CLE,22-23,osmande01,Cedi Osman,False,16,SF,6-7,230,"April 8, 1995",5,
CLE,22-23,rubiori01,Ricky Rubio,False,13,PG,6-2,190,"October 21, 1990",11,
CLE,22-23,stevela01,Lamar Stevens,False,8,SF,6-7,230,"July 9, 1997",2,Penn State
CLE,22-23,wadede01,Dean Wade,False,32,PF,6-9,228,"November 20, 1996",3,Kansas State
CLE,22-23,windldy01,Dylan Windler,False,9,SF,6-7,196,"September 22, 1996",2,Belmont
DAL,22-23,bertada01,Dāvis Bertāns,False,44,PF,6-10,225,"November 12, 1992",6,
DAL,22-23,bullore01,Reggie Bullock,False,25,SF,6-6,205,"March 16, 1991",9,UNC
DAL,22-23,campafa01,Facundo Campazzo,False,2,PG,5-10,195,"March 23, 1991",2,
DAL,22-23,dinwisp01,Spencer Dinwiddie,False,26,SG,6-5,215,"April 6, 1993",8,Colorado
DAL,22-23,doncilu01,Luka Dončić,False,77,PG,6-8,230,"February 28, 1999",4,
DAL,22-23,dorsety01,Tyler Dorsey,False,5,SF,6-4,180,"February 18, 1996",2,Oregon
DAL,22-23,finnedo01,Dorian Finney-Smith,False,10,PF,6-7,220,"May 4, 1993",6,Florida
DAL,22-23,greenjo02,Josh Green,False,8,SG,6-6,200,"November 16, 2000",2,Arizona
DAL,22-23,hardati02,Tim Hardaway Jr.,False,11,SF,6-5,205,"March 16, 1992",9,Michigan
DAL,22-23,hardyja02,Jaden Hardy,False,3,SG,6-3,198,"July 5, 2002",R,
DAL,22-23,holidju01,Justin Holiday,False,0,SF,6-6,180,"April 5, 1989",9,Washington
DAL,22-23,irvinky01,Kyrie Irving,False,2,SG,6-2,195,"March 23, 1992",11,Duke
DAL,22-23,klebima01,Maxi Kleber,False,42,PF,6-10,240,"January 29, 1992",5,
DAL,22-23,lawsoaj01,A.J. Lawson,False,9,SG,6-6,179,"July 15, 2000",R,South Carolina
DAL,22-23,mcgeeja01,JaVale McGee,False,00,C,7-0,270,"January 19, 1988",14,Nevada
DAL,22-23,morrima02,Markieff Morris,False,13,PF,6-9,245,"September 2, 1989",11,Kansas
DAL,22-23,ntilila01,Frank Ntilikina,False,21,SG,6-4,200,"July 28, 1998",5,
DAL,22-23,pinsoth01,Theo Pinson,False,1,SG,6-5,212,"November 5, 1995",4,UNC
DAL,22-23,poweldw01,Dwight Powell,False,7,C,6-10,240,"July 20, 1991",8,Stanford
DAL,22-23,silvach01,Chris Silva,False,30,PF,6-8,234,"September 19, 1996",3,South Carolina
DAL,22-23,walkeke02,Kemba Walker,False,34,PG,6-0,184,"May 8, 1990",11,UConn
DAL,22-23,woodch01,Christian Wood,False,35,C,6-8,214,"September 27, 1995",6,UNLV
DAL,22-23,wrighmc01,McKinley Wright IV,False,23,PG,5-11,192,"October 25, 1998",1,Colorado
DEN,22-23,braunch01,Christian Braun,False,0,SG,6-6,220,"April 17, 2001",R,Kansas
DEN,22-23,brownbr01,Bruce Brown,False,11,SF,6-4,202,"August 15, 1996",4,Miami (FL)
DEN,22-23,bryanth01,Thomas Bryant,False,13,C,6-9,248,"July 31, 1997",5,Indiana
DEN,22-23,caldwke01,Kentavious Caldwell-Pope,False,5,SG,6-5,204,"February 18, 1993",9,Georgia
DEN,22-23,cancavl01,Vlatko Čančar,False,31,PF,6-8,236,"April 10, 1997",3,
DEN,22-23,gordoaa01,Aaron Gordon,False,50,PF,6-8,235,"September 16, 1995",8,Arizona
DEN,22-23,greenje02,Jeff Green,False,32,PF,6-8,235,"August 28, 1986",14,Georgetown
DEN,22-23,hylanbo01,Bones Hyland,False,3,PG,6-2,169,"September 14, 2000",1,VCU
DEN,22-23,jacksre01,Reggie Jackson,False,7,PG,6-2,208,"April 16, 1990",11,Boston College
DEN,22-23,jokicni01,Nikola Jokić,False,15,C,6-11,284,"February 19, 1995",7,
DEN,22-23,jordade01,DeAndre Jordan,False,6,C,6-11,265,"July 21, 1988",14,Texas A&M
DEN,22-23,murraja01,Jamal Murray,False,27,PG,6-4,215,"February 23, 1997",5,Kentucky
DEN,22-23,nnajize01,Zeke Nnaji,False,22,PF,6-10,240,"January 9, 2001",2,Arizona
DEN,22-23,portemi01,Michael Porter Jr.,False,1,SF,6-10,218,"June 29, 1998",3,Missouri
DEN,22-23,reedda01,Davon Reed,False,9,SG,6-5,206,"June 11, 1995",3,Miami (FL)
DEN,22-23,smithis01,Ish Smith,False,14,PG,6-0,175,"July 5, 1988",12,Wake Forest
DEN,22-23,watsope01,Peyton Watson,False,8,SG,6-8,200,"September 11, 2002",R,UCLA
DEN,22-23,whiteja03,Jack White,False,10,SF,6-7,225,"August 5, 1997",R,Duke
DET,22-23,baglema01,Marvin Bagley III,False,35,C,6-10,235,"March 14, 1999",4,Duke
DET,22-23,beysa01,Saddiq Bey,False,41,SF,6-8,215,"April 9, 1999",2,Villanova
DET,22-23,boehebu01,Buddy Boeheim,False,27,SF,6-5,205,"November 11, 1999",R,Syracuse
DET,22-23,bogdabo02,Bojan Bogdanović,False,44,PF,6-7,226,"April 18, 1989",8,
DET,22-23,burksal01,Alec Burks,False,5,SG,6-5,214,"July 20, 1991",11,Colorado
DET,22-23,cunnica01,Cade Cunningham,False,2,PG,6-6,220,"September 25, 2001",1,Oklahoma State
DET,22-23,diallha01,Hamidou Diallo,False,6,SF,6-5,202,"July 31, 1998",4,Kentucky
DET,22-23,durenja01,Jalen Duren,False,0,C,6-10,250,"November 18, 2003",R,Memphis
DET,22-23,hamptrj01,R.J. Hampton,False,14,SG,6-4,175,"February 7, 2001",2,
DET,22-23,hayeski01,Killian Hayes,False,7,PG,6-4,195,"July 27, 2001",2,
DET,22-23,iveyja01,Jaden Ivey,False,23,SG,6-3,195,"February 13, 2002",R,Purdue
DET,22-23,josepco01,Cory Joseph,False,18,PG,6-2,200,"August 20, 1991",11,Texas
DET,22-23,keybr01,Braxton Key,False,8,SF,6-7,225,"February 14, 1997",1,"Alabama,Virginia"
DET,22-23,knoxke01,Kevin Knox,False,20,SF,6-8,215,"August 11, 1999",4,Kentucky
DET,22-23,liveris01,Isaiah Livers,False,12,PF,6-6,232,"July 28, 1998",1,Michigan
DET,22-23,mcgruro01,Rodney McGruder,False,17,SG,6-4,205,"July 29, 1991",6,Kansas State
DET,22-23,noelne01,Nerlens Noel,False,9,C,6-10,220,"April 10, 1994",8,Kentucky
DET,22-23,omorueu01,Eugene Omoruyi,False,97,SF,6-6,235,"February 14, 1997",1,"Rutgers University,Oregon"
DET,22-23,rhodeja01,Jared Rhoden,False,8,SG,6-5,210,"August 27, 1999",R,Seton Hall
DET,22-23,stewais01,Isaiah Stewart,False,28,C,6-8,250,"May 22, 2001",2,Washington
DET,22-23,umudest01,Stanley Umude,False,14,SG,6-6,210,"April 12, 1999",R,"South Dakota,Arkansas"
DET,22-23,wisemja01,James Wiseman,False,13,C,6-11,240,"March 31, 2001",1,Memphis
GSW,22-23,baldwpa01,Patrick Baldwin Jr.,False,7,SF,7-0,220,"November 18, 2002",R,UW-Milwaukee
GSW,22-23,curryst01,Stephen Curry,False,30,PG,6-2,185,"March 14, 1988",13,Davidson
GSW,22-23,divindo01,Donte DiVincenzo,False,0,SG,6-4,203,"January 31, 1997",4,Villanova
GSW,22-23,greendr01,Draymond Green,False,23,PF,6-6,230,"March 4, 1990",10,Michigan State
GSW,22-23,greenja01,JaMychal Green,False,1,PF,6-9,227,"June 21, 1990",8,Alabama
GSW,22-23,iguodan01,Andre Iguodala,False,9,PF,6-6,215,"January 28, 1984",18,Arizona
GSW,22-23,jeromty01,Ty Jerome,False,10,SG,6-5,195,"July 8, 1997",3,Virginia
GSW,22-23,kuminjo01,Jonathan Kuminga,False,00,PF,6-7,225,"October 6, 2002",1,
GSW,22-23,lamban01,Anthony Lamb,False,40,SF,6-6,227,"January 20, 1998",2,University of Vermont
GSW,22-23,looneke01,Kevon Looney,False,5,C,6-9,222,"February 6, 1996",7,UCLA
GSW,22-23,moodymo01,Moses Moody,False,4,SG,6-5,211,"May 31, 2002",1,Arkansas
GSW,22-23,paytoga02,Gary Payton II,False,8,SG,6-2,195,"December 1, 1992",6,Oregon State
GSW,22-23,poolejo01,Jordan Poole,False,3,PG,6-4,194,"June 19, 1999",3,Michigan
GSW,22-23,quinole01,Lester Quiñones,False,25,SG,6-5,208,"November 16, 2000",R,Memphis
GSW,22-23,rolliry01,Ryan Rollins,False,2,PG,6-3,180,"July 3, 2002",R,Toledo
GSW,22-23,thompkl01,Klay Thompson,False,11,SF,6-5,220,"February 8, 1990",9,Washington State
GSW,22-23,wiggian01,Andrew Wiggins,False,22,SF,6-6,197,"February 23, 1995",8,Kansas
GSW,22-23,wisemja01,James Wiseman,False,33,C,6-11,240,"March 31, 2001",1,Memphis
HOU,22-23,chrisjo01,Josh Christopher,False,9,SG,6-4,215,"December 8, 2001",1,Arizona State
HOU,22-23,daysda01,Darius Days,False,5,SF,6-7,245,"October 20, 1999",R,LSU
HOU,22-23,easonta01,Tari Eason,False,17,PF,6-8,215,"May 10, 2001",R,"Cincinnati,LSU"
HOU,22-23,fernabr01,Bruno Fernando,False,20,C,6-9,240,"August 15, 1998",3,Maryland
HOU,22-23,garubus01,Usman Garuba,False,16,C,6-8,229,"March 9, 2002",1,
HOU,22-23,gordoer01,Eric Gordon,False,10,SG,6-3,215,"December 25, 1988",14,Indiana
HOU,22-23,greenja05,Jalen Green,False,4,SG,6-4,186,"February 9, 2002",1,
HOU,22-23,hudgitr01,Trevor Hudgins,False,12,PG,6-0,180,"March 23, 1999",R,Northwest Missouri State University
HOU,22-23,kaminfr01,Frank Kaminsky,False,33,C,7-0,240,"April 4, 1993",7,Wisconsin
HOU,22-23,marjabo01,Boban Marjanović,False,51,C,7-4,290,"August 15, 1988",7,
HOU,22-23,martike04,KJ Martin,False,6,SF,6-6,215,"January 6, 2001",2,
HOU,22-23,mathega01,Garrison Mathews,False,25,SG,6-5,215,"October 24, 1996",3,Lipscomb
HOU,22-23,nixda01,Daishen Nix,False,15,PG,6-3,226,"February 13, 2002",1,
HOU,22-23,porteke02,Kevin Porter Jr.,False,3,PG,6-5,203,"May 4, 2000",3,USC
HOU,22-23,sengual01,Alperen Şengün,False,28,C,6-11,243,"July 25, 2002",1,
HOU,22-23,smithja05,Jabari Smith Jr.,False,1,PF,6-11,220,"May 13, 2003",R,Auburn
HOU,22-23,tateja01,Jae'Sean Tate,False,8,SF,6-4,230,"October 28, 1995",2,Ohio State
HOU,22-23,washity02,TyTy Washington Jr.,False,0,PG,6-3,195,"November 15, 2001",R,Kentucky
IND,22-23,bitadgo01,Goga Bitadze,False,88,C,6-11,250,"July 20, 1999",3,
IND,22-23,brissos01,Oshae Brissett,False,12,PF,6-7,210,"June 20, 1998",3,Syracuse
IND,22-23,brownke03,Kendall Brown,False,10,SG,6-6,205,"May 11, 2003",R,Baylor
IND,22-23,duartch01,Chris Duarte,False,3,SF,6-5,190,"June 13, 1997",1,Oregon
IND,22-23,halibty01,Tyrese Haliburton,False,0,PG,6-5,185,"February 29, 2000",2,Iowa State
IND,22-23,hieldbu01,Buddy Hield,False,24,SF,6-4,220,"December 17, 1992",6,Oklahoma
IND,22-23,hillge01,George Hill,False,7,SG,6-4,188,"May 4, 1986",14,IUPUI
IND,22-23,jacksis01,Isaiah Jackson,False,22,C,6-8,205,"January 10, 2002",1,Kentucky
IND,22-23,johnsja01,James Johnson,False,16,PF,6-7,240,"February 20, 1987",13,Wake Forest
IND,22-23,mathube01,Bennedict Mathurin,False,00,SG,6-5,210,"June 19, 2002",R,Arizona
IND,22-23,mccontj01,T.J. McConnell,False,9,PG,6-1,190,"March 25, 1992",7,"Duquesne,Arizona"
IND,22-23,nembhan01,Andrew Nembhard,False,2,SG,6-4,191,"January 16, 2000",R,"Florida,Gonzaga"
IND,22-23,nesmiaa01,Aaron Nesmith,False,23,SF,6-5,215,"October 16, 1999",2,Vanderbilt
IND,22-23,nworajo01,Jordan Nwora,False,13,SF,6-8,225,"September 9, 1998",2,Louisville
IND,22-23,queentr01,Trevelin Queen,False,8,SG,6-5,190,"February 25, 1997",1,"College of Marin,New Mexico Military Institute,New Mexico State"
IND,22-23,smithja04,Jalen Smith,False,25,C,6-8,215,"March 16, 2000",2,Maryland
IND,22-23,taylote01,Terry Taylor,False,21,PF,6-5,230,"September 23, 1999",1,Austin Peay State University
IND,22-23,theisda01,Daniel Theis,False,27,C,6-8,245,"April 4, 1992",5,
IND,22-23,turnemy01,Myles Turner,False,33,C,6-11,250,"March 24, 1996",7,Texas
IND,22-23,yorkga01,Gabe York,False,32,SG,6-3,185,"August 2, 1993",1,Arizona
LAC,22-23,batumni01,Nicolas Batum,False,33,PF,6-7,230,"December 14, 1988",14,
LAC,22-23,bostobr01,Brandon Boston Jr.,False,4,SF,6-6,188,"November 28, 2001",1,Kentucky
LAC,22-23,brownmo01,Moses Brown,False,9,C,7-2,258,"October 13, 1999",3,UCLA
LAC,22-23,coffeam01,Amir Coffey,False,7,SF,6-7,210,"June 17, 1997",3,Minnesota
LAC,22-23,covinro01,Robert Covington,False,23,PF,6-7,209,"December 14, 1990",9,Tennessee State
LAC,22-23,diabamo01,Moussa Diabaté,False,25,C,6-10,210,"January 21, 2002",R,Michigan
LAC,22-23,georgpa01,Paul George,False,13,SF,6-8,220,"May 2, 1990",12,Fresno State
LAC,22-23,gordoer01,Eric Gordon,False,10,SG,6-3,215,"December 25, 1988",14,Indiana
LAC,22-23,hylanbo01,Bones Hyland,False,5,PG,6-2,169,"September 14, 2000",1,VCU
LAC,22-23,jacksre01,Reggie Jackson,False,1,PG,6-2,208,"April 16, 1990",11,Boston College
LAC,22-23,kennalu01,Luke Kennard,False,5,SG,6-5,206,"June 24, 1996",5,Duke
LAC,22-23,leonaka01,Kawhi Leonard,False,2,SF,6-6,225,"June 29, 1991",10,San Diego State
LAC,22-23,mannte01,Terance Mann,False,14,SG,6-6,215,"October 18, 1996",3,Florida State
LAC,22-23,moonxa01,Xavier Moon,False,15,SG,6-0,165,"January 2, 1995",1,"Northwest Florida State College,Morehead State University"
LAC,22-23,morrima03,Marcus Morris,False,8,PF,6-8,218,"September 2, 1989",11,Kansas
LAC,22-23,plumlma01,Mason Plumlee,False,44,C,7-0,254,"March 5, 1990",9,Duke
LAC,22-23,powelno01,Norman Powell,False,24,SG,6-3,215,"May 25, 1993",7,UCLA
LAC,22-23,prestja01,Jason Preston,False,"0, 1",PG,6-3,181,"August 10, 1999",R,Ohio University
LAC,22-23,walljo01,John Wall,False,11,PG,6-3,210,"September 6, 1990",10,Kentucky
LAC,22-23,westbru01,Russell Westbrook,False,0,PG,6-4,200,"November 12, 1988",14,UCLA
LAC,22-23,zubaciv01,Ivica Zubac,False,40,C,7-0,240,"March 18, 1997",6,
LAL,22-23,bambamo01,Mo Bamba,False,12,C,7-0,231,"May 12, 1998",4,Texas
LAL,22-23,beaslma01,Malik Beasley,False,5,SG,6-4,187,"November 26, 1996",6,Florida State
LAL,22-23,beverpa01,Patrick Beverley,False,21,SG,6-2,180,"July 12, 1988",10,Arkansas
LAL,22-23,brownst02,Sterling Brown,False,9,SF,6-5,219,"February 10, 1995",5,SMU
LAL,22-23,browntr01,Troy Brown Jr.,False,7,SF,6-7,215,"July 28, 1999",4,Oregon
LAL,22-23,bryanth01,Thomas Bryant,False,31,C,6-9,248,"July 31, 1997",5,Indiana
LAL,22-23,chrisma02,Max Christie,False,10,SG,6-5,190,"February 10, 2003",R,Michigan State
LAL,22-23,davisan02,Anthony Davis,False,3,C,6-10,253,"March 11, 1993",10,Kentucky
LAL,22-23,gabriwe01,Wenyen Gabriel,False,35,C,6-9,205,"March 26, 1997",3,Kentucky
LAL,22-23,hachiru01,Rui Hachimura,False,28,PF,6-8,230,"February 8, 1998",3,Gonzaga
LAL,22-23,harrish01,Shaquille Harrison,False,0,SG,6-4,195,"October 6, 1993",5,Tulsa
LAL,22-23,jamesle01,LeBron James,False,6,PF,6-9,250,"December 30, 1984",19,
LAL,22-23,jonesda03,Damian Jones,False,30,C,6-10,245,"June 30, 1995",6,Vanderbilt
LAL,22-23,nunnke01,Kendrick Nunn,False,12,SG,6-3,190,"August 3, 1995",2,"Illinois,Oakland"
LAL,22-23,pippesc02,Scotty Pippen Jr.,False,14,PG,6-2,170,"November 10, 2000",R,Vanderbilt
LAL,22-23,reaveau01,Austin Reaves,False,15,SG,6-5,197,"May 29, 1998",1,"Wichita State,Oklahoma"
LAL,22-23,reedda01,Davon Reed,False,11,SG,6-5,206,"June 11, 1995",3,Miami (FL)
LAL,22-23,russeda01,D'Angelo Russell,False,1,PG,6-3,193,"February 23, 1996",7,Ohio State
LAL,22-23,ryanma01,Matt Ryan,False,37,SF,6-6,215,"April 17, 1997",1,"Notre Dame,Vanderbilt,Chattanooga"
LAL,22-23,schrode01,Dennis Schröder,False,17,PG,6-1,175,"September 15, 1993",9,
LAL,22-23,swideco01,Cole Swider,False,20,SF,6-10,220,"May 8, 1999",R,"Villanova,Syracuse"
LAL,22-23,thomptr01,Tristan Thompson,False,9,C,6-9,254,"March 13, 1991",11,Texas
LAL,22-23,toscaju01,Juan Toscano-Anderson,False,95,SF,6-6,209,"April 10, 1993",3,Marquette
LAL,22-23,vandeja01,Jarred Vanderbilt,False,2,PF,6-8,214,"April 3, 1999",4,Kentucky
LAL,22-23,walkelo01,Lonnie Walker IV,False,4,SG,6-4,204,"December 14, 1998",4,Miami (FL)
LAL,22-23,westbru01,Russell Westbrook,False,0,PG,6-4,200,"November 12, 1988",14,UCLA
MEM,22-23,adamsst01,Steven Adams,False,4,C,6-11,265,"July 20, 1993",9,Pitt
MEM,22-23,aldamsa01,Santi Aldama,False,7,PF,7-0,215,"January 10, 2001",1,Loyola (MD)
MEM,22-23,banede01,Desmond Bane,False,22,SG,6-6,215,"June 25, 1998",2,TCU
MEM,22-23,brookdi01,Dillon Brooks,False,24,SF,6-7,225,"January 22, 1996",5,Oregon
MEM,22-23,chandke01,Kennedy Chandler,False,1,PG,6-0,170,"September 16, 2002",R,Tennessee
MEM,22-23,clarkbr01,Brandon Clarke,False,15,PF,6-8,215,"September 19, 1996",3,"San Jose State,Gonzaga"
MEM,22-23,gilyaja01,Jacob Gilyard,False,0,PG,5-8,160,"July 14, 1998",R,Richmond
MEM,22-23,greenda02,Danny Green,False,14,SG,6-6,215,"June 22, 1987",13,UNC
MEM,22-23,jacksja02,Jaren Jackson Jr.,False,13,C,6-10,242,"September 15, 1999",4,Michigan State
MEM,22-23,jonesty01,Tyus Jones,False,21,PG,6-0,196,"May 10, 1996",7,Duke
MEM,22-23,kennalu01,Luke Kennard,False,10,SG,6-5,206,"June 24, 1996",5,Duke
MEM,22-23,konchjo01,John Konchar,False,46,SF,6-5,210,"March 22, 1996",3,Purdue-Fort Wayne
MEM,22-23,laravja01,Jake LaRavia,False,3,PF,6-7,235,"November 3, 2001",R,"Indiana State University,Wake Forest"
MEM,22-23,loftoke01,Kenneth Lofton Jr.,False,6,PF,6-6,275,"August 14, 2002",R,Louisiana Tech
MEM,22-23,moranja01,Ja Morant,False,12,PG,6-2,174,"August 10, 1999",3,Murray State
MEM,22-23,roddyda01,David Roddy,False,27,PF,6-5,255,"March 27, 2001",R,Colorado State
MEM,22-23,tillmxa01,Xavier Tillman Sr.,False,2,C,6-8,245,"January 12, 1999",2,Michigan State
MEM,22-23,willivi01,Vince Williams Jr.,False,5,SG,6-4,205,"August 30, 2000",R,VCU
MEM,22-23,willizi02,Ziaire Williams,False,8,SF,6-9,185,"September 12, 2001",1,Stanford
MIA,22-23,adebaba01,Bam Adebayo,False,13,C,6-9,255,"July 18, 1997",5,Kentucky
MIA,22-23,bouyeja01,Jamaree Bouyea,False,11,PG,6-2,180,"June 27, 1999",R,San Francisco
MIA,22-23,butleji01,Jimmy Butler,False,22,PF,6-6,230,"September 14, 1989",11,"Tyler Junior College,Marquette"
MIA,22-23,cainja01,Jamal Cain,False,8,PF,6-7,191,"March 20, 1999",R,"Marquette,Oakland"
MIA,22-23,dedmode01,Dewayne Dedmon,False,21,C,6-10,245,"August 12, 1989",9,USC
MIA,22-23,hasleud01,Udonis Haslem,False,40,C,6-8,235,"June 9, 1980",19,Florida
MIA,22-23,herroty01,Tyler Herro,False,14,SG,6-5,195,"January 20, 2000",3,Kentucky
MIA,22-23,highsha01,Haywood Highsmith,False,24,PF,6-5,220,"December 9, 1996",2,Wheeling University
MIA,22-23,jovicni01,Nikola Jović,False,5,PF,6-10,205,"June 9, 2003",R,
MIA,22-23,loveke01,Kevin Love,False,42,PF,6-10,251,"September 7, 1988",14,UCLA
MIA,22-23,lowryky01,Kyle Lowry,False,7,PG,6-0,196,"March 25, 1986",16,Villanova
MIA,22-23,martica02,Caleb Martin,False,16,SF,6-5,205,"September 28, 1995",3,"NC State,Nevada"
MIA,22-23,oladivi01,Victor Oladipo,False,4,SG,6-3,213,"May 4, 1992",9,Indiana
MIA,22-23,robindu01,Duncan Robinson,False,55,SF,6-7,215,"April 22, 1994",4,"Williams,Michigan"
MIA,22-23,robinor01,Orlando Robinson,False,25,C,6-10,235,"July 10, 2000",R,Fresno State
MIA,22-23,smithdr01,Dru Smith,False,9,SG,6-2,203,"December 30, 1997",R,"University of Evansville,Missouri"
MIA,22-23,strusma01,Max Strus,False,31,SF,6-5,215,"March 28, 1996",3,"Lewis (IL),DePaul"
MIA,22-23,vincega01,Gabe Vincent,False,2,PG,6-2,200,"June 14, 1996",3,UC Santa Barbara
MIA,22-23,yurtsom01,Omer Yurtseven,False,77,C,6-11,275,"June 19, 1998",1,"NC State,Georgetown"
MIA,22-23,zelleco01,Cody Zeller,False,44,C,6-11,240,"October 5, 1992",9,Indiana
MIL,22-23,allengr01,Grayson Allen,False,12,SG,6-3,198,"October 8, 1995",4,Duke
MIL,22-23,antetgi01,Giannis Antetokounmpo,False,34,PF,6-11,243,"December 6, 1994",9,
MIL,22-23,antetth01,Thanasis Antetokounmpo,False,43,PF,6-7,219,"July 18, 1992",4,
MIL,22-23,beaucma01,MarJon Beauchamp,False,0,SF,6-7,199,"October 12, 2000",R,Yakima Valley Community College
MIL,22-23,carteje01,Jevon Carter,False,5,PG,6-0,200,"September 14, 1995",4,West Virginia
MIL,22-23,connapa01,Pat Connaughton,False,24,SF,6-5,209,"January 6, 1993",7,Notre Dame
MIL,22-23,crowdja01,Jae Crowder,False,99,PF,6-6,235,"July 6, 1990",10,Marquette
MIL,22-23,dragigo01,Goran Dragić,False,31,PG,6-4,190,"May 6, 1986",14,
MIL,22-23,greenaj01,A.J. Green,False,20,SG,6-4,190,"September 27, 1999",R,University of Northern Iowa
MIL,22-23,hillge01,George Hill,False,3,PG,6-4,188,"May 4, 1986",14,IUPUI
MIL,22-23,holidjr01,Jrue Holiday,False,21,PG,6-4,220,"June 12, 1990",13,UCLA
MIL,22-23,ibakase01,Serge Ibaka,False,25,C,6-11,235,"September 18, 1989",13,
MIL,22-23,inglejo01,Joe Ingles,False,7,SF,6-8,220,"October 2, 1987",8,
MIL,22-23,leoname01,Meyers Leonard,False,3,C,7-0,260,"February 27, 1992",9,Illinois
MIL,22-23,lopezbr01,Brook Lopez,False,11,C,7-1,282,"April 1, 1988",14,Stanford
MIL,22-23,mamuksa01,Sandro Mamukelashvili,False,54,C,6-9,240,"May 23, 1999",1,Seton Hall
MIL,22-23,matthwe02,Wesley Matthews,False,23,SF,6-5,220,"October 14, 1986",13,Marquette
MIL,22-23,middlkh01,Khris Middleton,False,22,SF,6-7,222,"August 12, 1991",10,Texas A&M
MIL,22-23,nworajo01,Jordan Nwora,False,13,SF,6-8,225,"September 9, 1998",2,Louisville
MIL,22-23,portibo01,Bobby Portis,False,9,PF,6-9,250,"February 10, 1995",7,Arkansas
MIL,22-23,wiggili01,Lindell Wigginton,False,28,PG,6-1,189,"March 28, 1998",1,Iowa State
MIN,22-23,alexani01,Nickeil Alexander-Walker,False,9,SG,6-5,205,"September 2, 1998",3,Virginia Tech
MIN,22-23,anderky01,Kyle Anderson,False,5,PF,6-8,230,"September 20, 1993",8,UCLA
MIN,22-23,conlemi01,Mike Conley,False,10,PG,6-1,175,"October 11, 1987",15,Ohio State
MIN,22-23,edwaran01,Anthony Edwards,False,1,SG,6-4,225,"August 5, 2001",2,Georgia
MIN,22-23,forbebr01,Bryn Forbes,False,10,SG,6-2,205,"July 23, 1993",6,Michigan State
MIN,22-23,garzalu01,Luka Garza,False,55,C,6-10,243,"December 27, 1998",1,Iowa
MIN,22-23,goberru01,Rudy Gobert,False,27,C,7-1,258,"June 26, 1992",9,
MIN,22-23,knighna01,Nathan Knight,False,13,C,6-8,253,"September 20, 1997",2,William & Mary
MIN,22-23,lawsoaj01,A.J. Lawson,False,00,SG,6-6,179,"July 15, 2000",R,South Carolina
MIN,22-23,mcdanja02,Jaden McDaniels,False,3,SF,6-9,185,"September 29, 2000",2,Washington
MIN,22-23,mclaujo01,Jordan McLaughlin,False,6,PG,5-11,185,"April 9, 1996",3,USC
MIN,22-23,minotjo01,Josh Minott,False,8,SF,6-8,205,"November 25, 2002",R,Memphis
MIN,22-23,moorewe01,Wendell Moore Jr.,False,7,SG,6-5,215,"September 18, 2001",R,Duke
MIN,22-23,nowelja01,Jaylen Nowell,False,4,SG,6-4,201,"July 9, 1999",3,Washington
MIN,22-23,princta02,Taurean Prince,False,12,PF,6-6,218,"March 22, 1994",6,Baylor
MIN,22-23,reidna01,Naz Reid,False,11,C,6-9,264,"August 26, 1999",3,LSU
MIN,22-23,riverau01,Austin Rivers,False,25,SG,6-4,200,"August 1, 1992",10,Duke
MIN,22-23,russeda01,D'Angelo Russell,False,0,PG,6-3,193,"February 23, 1996",7,Ohio State
MIN,22-23,ryanma01,Matt Ryan,False,37,SF,6-6,215,"April 17, 1997",1,"Notre Dame,Vanderbilt,Chattanooga"
MIN,22-23,townska01,Karl-Anthony Towns,False,32,PF,7-0,248,"November 15, 1995",7,Kentucky
NOP,22-23,alvarjo01,Jose Alvarado,False,15,PG,6-0,179,"April 12, 1998",1,Georgia Tech
NOP,22-23,daniedy01,Dyson Daniels,False,11,PG,6-7,199,"March 17, 2003",R,
NOP,22-23,grahade01,Devonte' Graham,False,4,PG,6-1,195,"February 22, 1995",4,Kansas
NOP,22-23,hayesja02,Jaxson Hayes,False,10,C,7-0,220,"May 23, 2000",3,Texas
NOP,22-23,hernawi01,Willy Hernangómez,False,9,C,6-11,250,"May 27, 1994",6,
NOP,22-23,ingrabr01,Brandon Ingram,False,14,SF,6-8,190,"September 2, 1997",6,Duke
NOP,22-23,joneshe01,Herbert Jones,False,5,PF,6-7,206,"October 6, 1998",1,Alabama
NOP,22-23,lewiski01,Kira Lewis Jr.,False,13,PG,6-1,170,"April 6, 2001",2,Alabama
NOP,22-23,marshna01,Naji Marshall,False,8,SF,6-6,220,"January 24, 1998",2,Xavier
NOP,22-23,mccolcj01,CJ McCollum,False,3,PG,6-3,190,"September 19, 1991",9,Lehigh
NOP,22-23,murphtr02,Trey Murphy III,False,25,SF,6-8,206,"June 18, 2000",1,"Rice University,Virginia"
NOP,22-23,nancela02,Larry Nance Jr.,False,22,C,6-6,245,"January 1, 1993",7,Wyoming
NOP,22-23,richajo01,Josh Richardson,False,2,SG,6-5,200,"September 15, 1993",7,Tennessee
NOP,22-23,seabrde01,Dereon Seabron,False,0,SG,6-5,180,"May 26, 2000",R,NC State
NOP,22-23,templga01,Garrett Temple,False,41,SG,6-5,195,"May 8, 1986",12,LSU
NOP,22-23,valanjo01,Jonas Valančiūnas,False,17,C,6-11,265,"May 6, 1992",10,
NOP,22-23,willizi01,Zion Williamson,False,1,PF,6-6,284,"July 6, 2000",2,Duke
NYK,22-23,arcidry01,Ryan Arcidiacono,False,51,PG,6-3,195,"March 26, 1994",5,Villanova
NYK,22-23,barrerj01,RJ Barrett,False,9,SG,6-6,214,"June 14, 2000",3,Duke
NYK,22-23,brunsja01,Jalen Brunson,False,11,PG,6-2,190,"August 31, 1996",4,Villanova
NYK,22-23,fournev01,Evan Fournier,False,13,SG,6-6,205,"October 29, 1992",10,
NYK,22-23,grimequ01,Quentin Grimes,False,6,SG,6-4,210,"May 8, 2000",1,"Kansas,Houston"
NYK,22-23,hartjo01,Josh Hart,False,3,SF,6-5,215,"March 6, 1995",5,Villanova
NYK,22-23,harteis01,Isaiah Hartenstein,False,55,C,7-0,250,"May 5, 1998",4,
NYK,22-23,jeffrda01,DaQuan Jeffries,False,8,SG,6-5,222,"August 30, 1997",3,"Oral Roberts,Tulsa"
NYK,22-23,keelstr01,Trevor Keels,False,"0, 3",SG,6-3,215,"August 26, 2003",R,Duke
NYK,22-23,mcbrimi01,Miles McBride,False,2,PG,6-2,195,"September 8, 2000",1,West Virginia
NYK,22-23,mykhasv01,Svi Mykhailiuk,False,17,SF,6-7,205,"June 10, 1997",4,Kansas
NYK,22-23,quickim01,Immanuel Quickley,False,5,SG,6-2,190,"June 17, 1999",2,Kentucky
NYK,22-23,randlju01,Julius Randle,False,30,PF,6-9,250,"November 29, 1994",8,Kentucky
NYK,22-23,reddica01,Cam Reddish,False,0,SF,6-7,230,"September 1, 1999",3,Duke
NYK,22-23,robinmi01,Mitchell Robinson,False,23,C,7-0,240,"April 1, 1998",4,Western Kentucky
NYK,22-23,rosede01,Derrick Rose,False,4,PG,6-3,200,"October 4, 1988",13,Memphis
NYK,22-23,simsje01,Jericho Sims,False,45,C,6-10,250,"October 20, 1998",1,Texas
NYK,22-23,toppiob01,Obi Toppin,False,1,PF,6-9,220,"March 4, 1998",2,Dayton
OKC,22-23,bazleda01,Darius Bazley,False,55,C,6-9,216,"June 12, 2000",3,
OKC,22-23,butleja02,Jared Butler,False,14,PG,6-3,193,"August 25, 2000",1,Baylor
OKC,22-23,diengou01,Ousmane Dieng,False,13,PF,6-9,185,"May 21, 2003",R,
OKC,22-23,dortlu01,Luguentz Dort,False,5,SF,6-4,220,"April 19, 1999",3,Arizona State
OKC,22-23,giddejo01,Josh Giddey,False,3,PF,6-7,216,"October 10, 2002",1,
OKC,22-23,gilgesh01,Shai Gilgeous-Alexander,False,2,PG,6-6,195,"July 12, 1998",4,Kentucky
OKC,22-23,joeis01,Isaiah Joe,False,11,SG,6-4,165,"July 2, 1999",2,Arkansas
OKC,22-23,manntr01,Tre Mann,False,23,PG,6-4,178,"February 3, 2001",1,Florida
OKC,22-23,muscami01,Mike Muscala,False,33,C,6-10,240,"July 1, 1991",9,Bucknell
OKC,22-23,omorueu01,Eugene Omoruyi,False,97,SF,6-6,235,"February 14, 1997",1,"Rutgers University,Oregon"
OKC,22-23,pokusal01,Aleksej Pokusevski,False,17,PF,7-0,210,"December 26, 2001",2,
OKC,22-23,robinje02,Jeremiah Robinson-Earl,False,50,PF,6-9,240,"November 3, 2000",1,Villanova
OKC,22-23,saricda01,Dario Šarić,False,9,C,6-10,225,"April 8, 1994",5,
OKC,22-23,sarrol01,Olivier Sarr,False,30,C,6-10,240,"February 20, 1999",1,"Wake Forest,Kentucky"
OKC,22-23,waterli01,Lindy Waters III,False,12,SG,6-5,210,"July 28, 1997",1,Oklahoma State
OKC,22-23,wiggiaa01,Aaron Wiggins,False,21,SG,6-5,190,"January 2, 1999",1,Maryland
OKC,22-23,willija06,Jalen Williams,False,8,SG,6-5,211,"April 14, 2001",R,Santa Clara
OKC,22-23,willija07,Jaylin Williams,False,6,C,6-9,240,"June 29, 2002",R,Arkansas
OKC,22-23,willike04,Kenrich Williams,False,34,PF,6-7,210,"December 2, 1994",4,TCU
ORL,22-23,anthoco01,Cole Anthony,False,50,PG,6-2,185,"May 15, 2000",2,UNC
ORL,22-23,bambamo01,Mo Bamba,False,11,C,7-0,231,"May 12, 1998",4,Texas
ORL,22-23,banchpa01,Paolo Banchero,False,5,PF,6-10,250,"November 12, 2002",R,Duke
ORL,22-23,bitadgo01,Goga Bitadze,False,35,C,6-11,250,"July 20, 1999",3,
ORL,22-23,bolbo01,Bol Bol,False,10,PF,7-3,220,"November 16, 1999",3,Oregon
ORL,22-23,cartewe01,Wendell Carter Jr.,False,34,C,6-10,270,"April 16, 1999",4,Duke
ORL,22-23,cartemi01,Michael Carter-Williams,False,11,PG,6-6,205,"October 10, 1991",8,Syracuse
ORL,22-23,fultzma01,Markelle Fultz,False,20,PG,6-4,209,"May 29, 1998",5,Washington
ORL,22-23,hamptrj01,R.J. Hampton,False,13,SG,6-4,175,"February 7, 2001",2,
ORL,22-23,harriga01,Gary Harris,False,14,SG,6-4,210,"September 14, 1994",8,Michigan State
ORL,22-23,harrike01,Kevon Harris,False,7,SG,6-5,216,"June 24, 1997",R,Stephen F. Austin
ORL,22-23,houstca01,Caleb Houstan,False,2,SF,6-8,205,"January 9, 2003",R,Michigan
ORL,22-23,isaacjo01,Jonathan Isaac,False,1,PF,6-10,230,"October 3, 1997",3,Florida State
ORL,22-23,okekech01,Chuma Okeke,False,3,SF,6-7,229,"August 18, 1998",2,Auburn
ORL,22-23,rosste01,Terrence Ross,False,31,SG,6-6,206,"February 5, 1991",10,Washington
ORL,22-23,schofad01,Admiral Schofield,False,25,PF,6-5,241,"March 30, 1997",2,Tennessee
ORL,22-23,scrubja01,Jay Scrubb,False,0,SG,6-5,220,"September 1, 2000",2,John A. Logan College
ORL,22-23,suggsja01,Jalen Suggs,False,4,SG,6-5,205,"June 3, 2001",1,Gonzaga
ORL,22-23,wagnefr01,Franz Wagner,False,22,SF,6-10,220,"August 27, 2001",1,Michigan
ORL,22-23,wagnemo01,Moritz Wagner,False,21,C,6-11,245,"April 26, 1997",4,Michigan
PHI,22-23,champju02,Julian Champagnie,False,55,SF,6-7,217,"June 29, 2001",R,St. John's
PHI,22-23,dedmode01,Dewayne Dedmon,False,14,C,6-10,245,"August 12, 1989",9,USC
PHI,22-23,embiijo01,Joel Embiid,False,21,C,7-0,280,"March 16, 1994",6,Kansas
PHI,22-23,fostemi02,Michael Foster Jr.,False,35,PF,6-8,250,"January 16, 2003",R,
PHI,22-23,hardeja01,James Harden,False,1,PG,6-5,220,"August 26, 1989",13,Arizona State
PHI,22-23,harremo01,Montrezl Harrell,False,5,C,6-7,240,"January 26, 1994",7,Louisville
PHI,22-23,harrito02,Tobias Harris,False,12,SF,6-8,226,"July 15, 1992",11,Tennessee
PHI,22-23,houseda01,Danuel House Jr.,False,25,SF,6-6,220,"June 7, 1993",6,Texas A&M
PHI,22-23,kinglo02,Louis King,False,23,PF,6-7,205,"April 6, 1999",3,Oregon
PHI,22-23,korkmfu01,Furkan Korkmaz,False,30,SG,6-7,202,"July 24, 1997",5,
PHI,22-23,leesa01,Saben Lee,False,9,PG,6-2,183,"June 23, 1999",2,Vanderbilt
PHI,22-23,maxeyty01,Tyrese Maxey,False,0,SG,6-2,200,"November 4, 2000",2,Kentucky
PHI,22-23,mccluma01,Mac McClung,False,9,SG,6-2,185,"January 6, 1999",1,"Georgetown,Texas Tech"
PHI,22-23,mcdanja01,Jalen McDaniels,False,7,SF,6-9,205,"January 31, 1998",3,San Diego State
PHI,22-23,meltode01,De'Anthony Melton,False,8,SG,6-2,200,"May 28, 1998",4,USC
PHI,22-23,miltosh01,Shake Milton,False,18,SG,6-5,205,"September 26, 1996",4,SMU
PHI,22-23,niangge01,Georges Niang,False,20,PF,6-6,230,"June 17, 1993",6,Iowa State
PHI,22-23,reedpa01,Paul Reed,False,44,C,6-9,210,"June 14, 1999",2,DePaul
PHI,22-23,sprinja01,Jaden Springer,False,11,SG,6-4,202,"September 25, 2002",1,Tennessee
PHI,22-23,thybuma01,Matisse Thybulle,False,22,SF,6-5,202,"March 4, 1997",3,Washington
PHI,22-23,tuckepj01,P.J. Tucker,False,17,PF,6-5,245,"May 5, 1985",11,Texas
PHO,22-23,aytonde01,Deandre Ayton,False,22,C,7-0,252,"July 23, 1998",4,Arizona
PHO,22-23,bazleda01,Darius Bazley,False,55,C,6-9,216,"June 12, 2000",3,
PHO,22-23,biyombi01,Bismack Biyombo,False,18,C,6-8,255,"August 28, 1992",11,
PHO,22-23,bookede01,Devin Booker,False,1,SG,6-5,206,"October 30, 1996",7,Kentucky
PHO,22-23,bridgmi01,Mikal Bridges,False,25,SF,6-6,209,"August 30, 1996",4,Villanova
PHO,22-23,craigto01,Torrey Craig,False,0,PF,6-5,221,"December 19, 1990",5,USC Upstate
PHO,22-23,duranke01,Kevin Durant,False,35,PF,6-11,240,"September 29, 1988",14,Texas
PHO,22-23,johnsca02,Cameron Johnson,False,23,PF,6-8,210,"March 3, 1996",3,"Pitt,UNC"
PHO,22-23,landajo01,Jock Landale,False,11,C,6-11,255,"October 25, 1995",1,Saint Mary's
PHO,22-23,leeda03,Damion Lee,False,10,SG,6-6,210,"October 21, 1992",5,"Drexel,Louisville"
PHO,22-23,leesa01,Saben Lee,False,38,PG,6-2,183,"June 23, 1999",2,Vanderbilt
PHO,22-23,okogijo01,Josh Okogie,False,2,SG,6-4,213,"September 1, 1998",4,Georgia Tech
PHO,22-23,paulch01,Chris Paul,False,3,PG,6-0,175,"May 6, 1985",17,Wake Forest
PHO,22-23,payneca01,Cameron Payne,False,15,PG,6-2,183,"August 8, 1994",7,Murray State
PHO,22-23,rosste01,Terrence Ross,False,8,SG,6-6,206,"February 5, 1991",10,Washington
PHO,22-23,saricda01,Dario Šarić,False,20,PF,6-10,225,"April 8, 1994",5,
PHO,22-23,shamela01,Landry Shamet,False,14,SG,6-5,190,"March 13, 1997",4,Wichita State
PHO,22-23,wainris01,Ish Wainright,False,12,SF,6-5,250,"September 12, 1994",1,Baylor
PHO,22-23,warretj01,T.J. Warren,False,21,SF,6-8,220,"September 5, 1993",7,NC State
PHO,22-23,washidu02,Duane Washington Jr.,False,4,SG,6-2,197,"March 24, 2000",1,Ohio State
POR,22-23,arcidry01,Ryan Arcidiacono,False,51,PG,6-3,195,"March 26, 1994",5,Villanova
POR,22-23,browngr01,Greg Brown III,False,4,PF,6-7,206,"September 1, 2001",1,Texas
POR,22-23,butlejo01,John Butler,False,21,C,7-0,190,"December 4, 2002",R,Florida State
POR,22-23,comanch01,Chance Comanche,False,50,C,6-10,210,"April 14, 1996",R,Arizona
POR,22-23,eubandr01,Drew Eubanks,False,24,C,6-10,245,"February 1, 1997",4,Oregon State
POR,22-23,grantje01,Jerami Grant,False,9,PF,6-7,213,"March 12, 1994",8,Syracuse
POR,22-23,harrish01,Shaquille Harrison,False,00,SG,6-4,195,"October 6, 1993",5,Tulsa
POR,22-23,hartjo01,Josh Hart,False,11,SF,6-5,215,"March 6, 1995",5,Villanova
POR,22-23,johnske07,Keon Johnson,False,6,SG,6-5,185,"March 10, 2002",1,Tennessee
POR,22-23,knoxke01,Kevin Knox,False,11,PF,6-8,215,"August 11, 1999",4,Kentucky
POR,22-23,lillada01,Damian Lillard,False,0,PG,6-2,200,"July 15, 1990",10,Weber State
POR,22-23,littlna01,Nassir Little,False,10,SF,6-6,220,"February 11, 2000",3,UNC
POR,22-23,mayssk01,Skylar Mays,False,8,PG,6-4,205,"September 5, 1997",2,LSU
POR,22-23,minayju01,Justin Minaya,False,35,SF,6-5,205,"March 26, 1999",R,"South Carolina,Providence"
POR,22-23,nurkiju01,Jusuf Nurkić,False,27,C,6-11,290,"August 23, 1994",8,
POR,22-23,paytoga02,Gary Payton II,False,00,SG,6-2,195,"December 1, 1992",6,Oregon State
POR,22-23,reddica01,Cam Reddish,False,5,SF,6-7,230,"September 1, 1999",3,Duke
POR,22-23,sharpsh01,Shaedon Sharpe,False,17,SG,6-5,210,"May 30, 2003",R,Kentucky
POR,22-23,simonan01,Anfernee Simons,False,1,SG,6-3,200,"June 8, 1999",4,
POR,22-23,thybuma01,Matisse Thybulle,False,4,SG,6-5,202,"March 4, 1997",3,Washington
POR,22-23,walkeja01,Jabari Walker,False,34,PF,6-7,237,"July 30, 2002",R,Colorado
POR,22-23,watfotr01,Trendon Watford,False,2,PF,6-8,237,"November 9, 2000",1,LSU
POR,22-23,willije02,Nate Williams,False,23,SG,6-5,205,"February 12, 1999",R,Buffalo
POR,22-23,winslju01,Justise Winslow,False,26,PF,6-6,222,"March 26, 1996",7,Duke
SAC,22-23,barneha02,Harrison Barnes,False,40,PF,6-7,225,"May 30, 1992",10,UNC
SAC,22-23,burtode02,Deonte Burton,False,24,PF,6-4,240,"January 31, 1994",2,"Marquette,Iowa State"
SAC,22-23,daviste02,Terence Davis,False,3,SG,6-4,201,"May 16, 1997",3,Ole Miss
SAC,22-23,dellama01,Matthew Dellavedova,False,8,PG,6-3,200,"September 8, 1990",8,Saint Mary's
SAC,22-23,doziepj01,PJ Dozier,False,35,SF,6-6,212,"October 25, 1996",5,South Carolina
SAC,22-23,edwarke02,Kessler Edwards,False,17,SF,6-8,203,"August 9, 2000",1,Pepperdine
SAC,22-23,elliske01,Keon Ellis,False,23,SG,6-4,175,"January 8, 2000",R,"Florida SouthWestern State College,Alabama"
SAC,22-23,foxde01,De'Aaron Fox,False,5,PG,6-3,185,"December 20, 1997",5,Kentucky
SAC,22-23,holmeri01,Richaun Holmes,False,22,C,6-9,235,"October 15, 1993",7,Bowling Green
SAC,22-23,huertke01,Kevin Huerter,False,9,SG,6-6,198,"August 27, 1998",4,Maryland
SAC,22-23,lenal01,Alex Len,False,25,C,7-0,250,"June 16, 1993",9,Maryland
SAC,22-23,lylestr01,Trey Lyles,False,41,PF,6-9,234,"November 5, 1995",7,Kentucky
SAC,22-23,metuch01,Chimezie Metu,False,7,PF,6-10,225,"March 22, 1997",4,USC
SAC,22-23,mitchda01,Davion Mitchell,False,15,PG,6-0,202,"September 5, 1998",1,"Auburn,Baylor"
SAC,22-23,monekch01,Chima Moneke,False,19,SF,6-5,223,"December 24, 1995",R,"Northeast Community College,UC-Davis"
SAC,22-23,monkma01,Malik Monk,False,0,SG,6-3,200,"February 4, 1998",5,Kentucky
SAC,22-23,murrake02,Keegan Murray,False,13,SF,6-8,225,"August 19, 2000",R,Iowa
SAC,22-23,okpalkz01,KZ Okpala,False,30,PF,6-8,215,"April 28, 1999",3,Stanford
SAC,22-23,quetane01,Neemias Queta,False,88,C,7-0,248,"July 13, 1999",1,Utah State University
SAC,22-23,sabondo01,Domantas Sabonis,False,10,C,6-10,240,"May 3, 1996",6,Gonzaga
SAS,22-23,barlodo01,Dominick Barlow,False,26,PF,6-9,215,"May 26, 2003",R,
SAS,22-23,bassech01,Charles Bassey,False,28,C,6-10,230,"October 28, 2000",1,Western Kentucky
SAS,22-23,bateske01,Keita Bates-Diop,False,31,PF,6-8,229,"January 23, 1996",4,Ohio State
SAS,22-23,branhma01,Malaki Branham,False,22,SG,6-4,180,"May 12, 2003",R,Ohio State
SAS,22-23,champju02,Julian Champagnie,False,30,SF,6-7,217,"June 29, 2001",R,St. John's
SAS,22-23,colliza01,Zach Collins,False,23,C,6-9,250,"November 19, 1997",4,Gonzaga
SAS,22-23,dienggo01,Gorgui Dieng,False,41,C,6-10,252,"January 18, 1990",9,Louisville
SAS,22-23,grahade01,Devonte' Graham,False,4,PG,6-1,195,"February 22, 1995",4,Kansas
SAS,22-23,halljo02,Jordan Hall,False,55,SF,6-7,220,"January 14, 2002",R,Saint Joseph's
SAS,22-23,johnsal02,Alize Johnson,False,19,PF,6-9,212,"April 22, 1996",4,"Frank Phillips College,Missouri State"
SAS,22-23,johnske04,Keldon Johnson,False,3,SF,6-6,220,"October 11, 1999",3,Kentucky
SAS,22-23,johnsst04,Stanley Johnson,False,34,SF,6-6,242,"May 29, 1996",7,Arizona
SAS,22-23,jonestr01,Tre Jones,False,33,PG,6-1,185,"January 8, 2000",2,Duke
SAS,22-23,langfro01,Romeo Langford,False,35,SG,6-5,216,"October 25, 1999",3,Indiana
SAS,22-23,mamuksa01,Sandro Mamukelashvili,False,54,C,6-9,240,"May 23, 1999",1,Seton Hall
SAS,22-23,mcderdo01,Doug McDermott,False,17,SF,6-7,225,"January 3, 1992",8,Creighton
SAS,22-23,poeltja01,Jakob Poeltl,False,25,C,7-0,253,"October 15, 1995",6,Utah
SAS,22-23,primojo01,Joshua Primo,False,11,SG,6-4,189,"December 24, 2002",1,Alabama
SAS,22-23,richajo01,Josh Richardson,False,7,SG,6-5,200,"September 15, 1993",7,Tennessee
SAS,22-23,robyis01,Isaiah Roby,False,18,PF,6-6,230,"February 3, 1998",3,Nebraska
SAS,22-23,sochaje01,Jeremy Sochan,False,10,PF,6-8,230,"May 20, 2003",R,Baylor
SAS,22-23,vassede01,Devin Vassell,False,24,SG,6-5,200,"August 23, 2000",2,Florida State
SAS,22-23,weslebl01,Blake Wesley,False,14,SG,6-4,190,"March 16, 2003",R,Notre Dame
TOR,22-23,achiupr01,Precious Achiuwa,False,5,C,6-8,243,"September 19, 1999",2,Memphis
TOR,22-23,anunoog01,OG Anunoby,False,3,SF,6-7,240,"July 17, 1997",5,Indiana
TOR,22-23,bantoda01,Dalano Banton,False,45,PG,6-8,203,"November 7, 1999",1,Nebraska
TOR,22-23,barnesc01,Scottie Barnes,False,4,SF,6-8,237,"August 1, 2001",1,Florida State
TOR,22-23,bartowi01,Will Barton,False,1,SG,6-5,181,"January 6, 1991",10,Memphis
TOR,22-23,birchkh01,Khem Birch,False,24,C,6-8,233,"September 28, 1992",5,"Pitt,UNLV"
TOR,22-23,bouchch01,Chris Boucher,False,25,PF,6-8,200,"January 11, 1993",5,"New Mexico Junior College,Northwest College,Oregon"
TOR,22-23,champju01,Justin Champagnie,False,11,SF,6-6,206,"June 29, 2001",1,Pitt
TOR,22-23,dowtije01,Jeff Dowtin Jr.,False,20,PG,6-3,177,"May 10, 1997",1,Rhode Island
TOR,22-23,flynnma01,Malachi Flynn,False,22,PG,6-1,185,"May 10, 1998",2,"Washington State,San Diego State"
TOR,22-23,harpero02,Ron Harper Jr.,False,8,PF,6-5,233,"April 12, 2000",R,Rutgers University
TOR,22-23,hernaju01,Juancho Hernangómez,False,41,PF,6-9,214,"September 28, 1995",6,
TOR,22-23,kolokch01,Christian Koloko,False,35,C,6-11,225,"June 20, 2000",R,Arizona
TOR,22-23,poeltja01,Jakob Poeltl,False,19,C,7-0,253,"October 15, 1995",6,Utah
TOR,22-23,porteot01,Otto Porter Jr.,False,32,SF,6-8,198,"June 3, 1993",9,Georgetown
TOR,22-23,siakapa01,Pascal Siakam,False,43,PF,6-8,245,"April 2, 1994",6,New Mexico State
TOR,22-23,trentga02,Gary Trent Jr.,False,33,SG,6-5,204,"January 18, 1999",4,Duke
TOR,22-23,vanvlfr01,Fred VanVleet,False,23,PG,6-0,197,"February 25, 1994",6,Wichita State
TOR,22-23,wieskjo01,Joe Wieskamp,False,11,SF,6-6,205,"August 23, 1999",1,Iowa
TOR,22-23,youngth01,Thaddeus Young,False,21,PF,6-8,225,"June 21, 1988",15,Georgia Tech
UTA,22-23,agbajoc01,Ochai Agbaji,False,30,SG,6-5,215,"April 20, 2000",R,Kansas
UTA,22-23,alexani01,Nickeil Alexander-Walker,False,6,SG,6-5,205,"September 2, 1998",3,Virginia Tech
UTA,22-23,azubuud01,Udoka Azubuike,False,20,C,6-11,270,"September 17, 1999",2,Kansas
UTA,22-23,beaslma01,Malik Beasley,False,5,SG,6-4,187,"November 26, 1996",6,Florida State
UTA,22-23,bolmale01,Leandro Bolmaro,False,10,SF,6-6,200,"September 11, 2000",1,
UTA,22-23,brantja01,Jarrell Brantley,False,55,PF,6-5,250,"June 7, 1996",2,College of Charleston
UTA,22-23,clarkjo01,Jordan Clarkson,False,00,SG,6-5,194,"June 7, 1992",8,"Tulsa,Missouri"
UTA,22-23,conlemi01,Mike Conley,False,11,PG,6-1,175,"October 11, 1987",15,Ohio State
UTA,22-23,dunnkr01,Kris Dunn,False,11,PG,6-3,205,"March 18, 1994",6,Providence
UTA,22-23,fontesi01,Simone Fontecchio,False,16,SF,6-7,209,"December 9, 1995",R,
UTA,22-23,gayru01,Rudy Gay,False,22,PF,6-8,250,"August 17, 1986",16,UConn
UTA,22-23,hortota01,Talen Horton-Tucker,False,0,SG,6-4,234,"November 25, 2000",3,Iowa State
UTA,22-23,jacksfr01,Frank Jackson,False,3,PG,6-3,205,"May 4, 1998",4,Duke
UTA,22-23,jonesda03,Damian Jones,False,15,C,6-10,245,"June 30, 1995",6,Vanderbilt
UTA,22-23,juzanjo01,Johnny Juzang,False,33,SG,6-7,226,"March 17, 2001",R,"Kentucky,UCLA"
UTA,22-23,kesslwa01,Walker Kessler,False,24,C,7-2,245,"July 26, 2001",R,"UNC,Auburn"
UTA,22-23,markkla01,Lauri Markkanen,False,23,PF,7-1,240,"May 22, 1997",5,Arizona
UTA,22-23,olynyke01,Kelly Olynyk,False,41,C,7-0,240,"April 19, 1991",9,Gonzaga
UTA,22-23,pottemi01,Micah Potter,False,25,PF,6-9,248,"April 6, 1998",1,"Ohio State,Wisconsin"
UTA,22-23,samanlu01,Luka Šamanić,False,19,PF,6-10,227,"January 9, 2000",2,
UTA,22-23,sextoco01,Collin Sexton,False,2,PG,6-3,190,"January 4, 1999",4,Alabama
UTA,22-23,toscaju01,Juan Toscano-Anderson,False,95,SF,6-6,209,"April 10, 1993",3,Marquette
UTA,22-23,vandeja01,Jarred Vanderbilt,False,8,PF,6-8,214,"April 3, 1999",4,Kentucky
WAS,22-23,avdijde01,Deni Avdija,False,9,SF,6-8,228,"January 3, 2001",2,
WAS,22-23,bartowi01,Will Barton,False,5,SG,6-5,181,"January 6, 1991",10,Memphis
WAS,22-23,bealbr01,Bradley Beal,False,3,SG,6-4,207,"June 28, 1993",10,Florida
WAS,22-23,bouyeja01,Jamaree Bouyea,False,4,PG,6-2,180,"June 27, 1999",R,San Francisco
WAS,22-23,careyve01,Vernon Carey Jr.,False,13,C,6-10,270,"February 25, 2001",2,Duke
WAS,22-23,cooksxa01,Xavier Cooks,False,12,PF,6-8,183,"August 19, 1995",R,Winthrop University
WAS,22-23,davisjo06,Johnny Davis,False,1,SG,6-4,195,"February 27, 2002",R,Wisconsin
WAS,22-23,dotsode01,Devon Dotson,False,15,PG,6-1,185,"August 2, 1999",2,Kansas
WAS,22-23,gaffoda01,Daniel Gafford,False,21,C,6-10,265,"October 1, 1998",3,Arkansas
WAS,22-23,gibsota01,Taj Gibson,False,67,C,6-9,232,"June 24, 1985",13,USC
WAS,22-23,gillan01,Anthony Gill,False,16,PF,6-7,230,"October 17, 1992",2,"South Carolina,Virginia"
WAS,22-23,goodwjo01,Jordan Goodwin,False,7,PG,6-3,215,"October 23, 1998",1,Saint Louis
WAS,22-23,hachiru01,Rui Hachimura,False,8,PF,6-8,230,"February 8, 1998",3,Gonzaga
WAS,22-23,huffja01,Jay Huff,False,34,C,7-1,240,"August 25, 1998",1,Virginia
WAS,22-23,jacksqu01,Quenton Jackson,False,29,PG,6-4,173,"September 15, 1998",R,Texas A&M
WAS,22-23,kispeco01,Corey Kispert,False,24,SF,6-6,224,"March 3, 1999",1,Gonzaga
WAS,22-23,kuzmaky01,Kyle Kuzma,False,33,PF,6-8,221,"July 24, 1995",5,Utah
WAS,22-23,morrimo01,Monte Morris,False,22,PG,6-2,183,"June 27, 1995",5,Iowa State
WAS,22-23,nunnke01,Kendrick Nunn,False,20,SG,6-3,190,"August 3, 1995",2,"Illinois,Oakland"
WAS,22-23,porzikr01,Kristaps Porziņģis,False,6,C,7-2,240,"August 2, 1995",6,
WAS,22-23,schakjo01,Jordan Schakel,False,20,SF,6-6,200,"June 13, 1998",1,San Diego State
WAS,22-23,toddis01,Isaiah Todd,False,14,PF,6-9,219,"October 17, 2001",1,
WAS,22-23,wrighde01,Delon Wright,False,55,PG,6-4,185,"April 26, 1992",7,Utah
ATL,23-24,beysa01,Saddiq Bey,False,41,SF,6-8,215,"April 9, 1999",3,Villanova
ATL,23-24,bogdabo01,Bogdan Bogdanović,False,13,SG,6-5,225,"August 18, 1992",6,
ATL,23-24,bufkiko01,Kobe Bufkin,False,4,SG,6-4,195,"September 21, 2003",R,Michigan
ATL,23-24,capelca01,Clint Capela,False,15,C,6-10,256,"May 18, 1994",9,
ATL,23-24,fernabr01,Bruno Fernando,False,24,C,6-9,240,"August 15, 1998",4,Maryland
ATL,23-24,forretr01,Trent Forrest,False,2,SG,6-4,210,"June 12, 1998",3,Florida State
ATL,23-24,griffaj01,AJ Griffin,False,14,SF,6-6,220,"August 25, 2003",1,Duke
ATL,23-24,gueyemo02,Mouhamed Gueye,False,18,PF,6-11,210,"November 9, 2002",R,Washington State
ATL,23-24,huntede01,De'Andre Hunter,False,12,SF,6-7,221,"December 2, 1997",4,Virginia
ATL,23-24,johnsja05,Jalen Johnson,False,1,SF,6-8,219,"December 18, 2001",2,Duke
ATL,23-24,krejcvi01,Vít Krejčí,False,27,PG,6-8,195,"June 19, 2000",2,
ATL,23-24,lundyse01,Seth Lundy,False,3,SF,6-4,220,"April 2, 2000",R,Penn State
ATL,23-24,mathega01,Garrison Mathews,False,25,SG,6-5,215,"October 24, 1996",4,Lipscomb
ATL,23-24,matthwe02,Wesley Matthews,False,32,SG,6-5,220,"October 14, 1986",14,Marquette
ATL,23-24,millspa02,Patty Mills,False,8,PG,6-2,180,"August 11, 1988",14,Saint Mary's
ATL,23-24,murrade01,Dejounte Murray,False,5,SG,6-4,180,"September 19, 1996",6,Washington
ATL,23-24,okongon01,Onyeka Okongwu,False,17,C,6-10,240,"December 11, 2000",3,USC
ATL,23-24,windldy01,Dylan Windler,False,20,SF,6-7,196,"September 22, 1996",3,Belmont
ATL,23-24,youngtr01,Trae Young,False,11,PG,6-2,164,"September 19, 1998",5,Oklahoma
BOS,23-24,bantoda01,Dalano Banton,False,45,PG,6-8,203,"November 7, 1999",2,Nebraska
BOS,23-24,brissos01,Oshae Brissett,False,12,SF,6-7,210,"June 20, 1998",4,Syracuse
BOS,23-24,brownja02,Jaylen Brown,False,7,SF,6-6,223,"October 24, 1996",7,California
BOS,23-24,davisjd01,JD Davison,False,20,SG,6-1,195,"October 3, 2002",1,Alabama
BOS,23-24,hausesa01,Sam Hauser,False,30,SF,6-7,217,"December 8, 1997",2,"Marquette,Virginia"
BOS,23-24,holidjr01,Jrue Holiday,False,4,PG,6-4,220,"June 12, 1990",14,UCLA
BOS,23-24,horfoal01,Al Horford,False,42,C,6-8,240,"June 3, 1986",16,Florida
BOS,23-24,kornelu01,Luke Kornet,False,40,C,7-1,250,"July 15, 1995",6,Vanderbilt
BOS,23-24,mykhasv01,Svi Mykhailiuk,False,50,SF,6-7,205,"June 10, 1997",5,Kansas
BOS,23-24,peterdr01,Drew Peterson,False,13,PF,6-8,205,"November 9, 1999",R,"Rice University,USC"
BOS,23-24,porzikr01,Kristaps Porziņģis,False,8,C,7-2,240,"August 2, 1995",7,
BOS,23-24,pritcpa01,Payton Pritchard,False,11,PG,6-1,195,"January 28, 1998",3,Oregon
BOS,23-24,quetane01,Neemias Queta,False,88,C,7-0,248,"July 13, 1999",2,Utah State University
BOS,23-24,sprinja01,Jaden Springer,False,44,SG,6-4,202,"September 25, 2002",2,Tennessee
BOS,23-24,stevela01,Lamar Stevens,False,77,PF,6-7,230,"July 9, 1997",3,Penn State
BOS,23-24,tatumja01,Jayson Tatum,False,0,PF,6-8,210,"March 3, 1998",6,Duke
BOS,23-24,tillmxa01,Xavier Tillman Sr.,False,26,PF,6-8,245,"January 12, 1999",3,Michigan State
BOS,23-24,walshjo01,Jordan Walsh,False,27,SF,6-6,205,"March 3, 2004",R,Arkansas
BOS,23-24,whitede01,Derrick White,False,9,SG,6-4,190,"July 2, 1994",6,"Colorado-Colorado Springs,Colorado"
BRK,23-24,bateske01,Keita Bates-Diop,False,13,SF,6-8,229,"January 23, 1996",5,Ohio State
BRK,23-24,bridgmi01,Mikal Bridges,False,1,SF,6-6,209,"August 30, 1996",5,Villanova
BRK,23-24,brookar01,Armoni Brooks,False,13,PG,6-3,195,"June 5, 1998",2,Houston
BRK,23-24,claxtni01,Nic Claxton,False,33,C,6-11,215,"April 17, 1999",4,Georgia
BRK,23-24,clownno01,Noah Clowney,False,21,PF,6-10,210,"July 14, 2004",R,Alabama
BRK,23-24,dinwisp01,Spencer Dinwiddie,False,26,PG,6-5,215,"April 6, 1993",9,Colorado
BRK,23-24,finnedo01,Dorian Finney-Smith,False,28,PF,6-7,220,"May 4, 1993",7,Florida
BRK,23-24,gilesha01,Harry Giles,False,14,C,6-10,240,"April 22, 1998",3,Duke
BRK,23-24,gilyaja01,Jacob Gilyard,False,14,PG,5-8,160,"July 14, 1998",1,Richmond
BRK,23-24,johnsca02,Cameron Johnson,False,2,PF,6-8,210,"March 3, 1996",4,"Pitt,UNC"
BRK,23-24,johnske07,Keon Johnson,False,45,SG,6-5,185,"March 10, 2002",2,Tennessee
BRK,23-24,onealro01,Royce O'Neale,False,00,SF,6-6,226,"June 5, 1993",6,"Denver,Baylor"
BRK,23-24,schrode01,Dennis Schröder,False,17,PG,6-1,175,"September 15, 1993",10,
BRK,23-24,sharpda01,Day'Ron Sharpe,False,20,C,6-10,265,"November 6, 2001",2,UNC
BRK,23-24,simmobe01,Ben Simmons,False,10,PG,6-10,240,"July 20, 1996",5,LSU
BRK,23-24,smithde03,Dennis Smith Jr.,False,4,PG,6-2,205,"November 25, 1997",6,NC State
BRK,23-24,thomaca02,Cam Thomas,False,24,SG,6-3,210,"October 13, 2001",2,LSU
BRK,23-24,walkelo01,Lonnie Walker IV,False,8,SG,6-4,204,"December 14, 1998",5,Miami (FL)
BRK,23-24,watfotr01,Trendon Watford,False,9,PF,6-8,237,"November 9, 2000",2,LSU
BRK,23-24,whiteda01,Dariq Whitehead,False,0,SF,6-6,220,"August 1, 2004",R,Duke
BRK,23-24,wilsoja03,Jalen Wilson,False,22,PF,6-6,220,"November 4, 2000",R,Kansas
CHI,23-24,bitimon01,Onuralp Bitim,False,17,SG,6-6,215,"March 31, 1999",R,
CHI,23-24,carteje01,Jevon Carter,False,5,PG,6-0,200,"September 14, 1995",5,West Virginia
CHI,23-24,carusal01,Alex Caruso,False,6,SG,6-5,186,"February 28, 1994",6,Texas A&M
CHI,23-24,craigto01,Torrey Craig,False,13,SF,6-5,221,"December 19, 1990",6,USC Upstate
CHI,23-24,derozde01,DeMar DeRozan,False,11,SF,6-6,220,"August 7, 1989",14,USC
CHI,23-24,dosunay01,Ayo Dosunmu,False,12,SG,6-4,200,"January 17, 2000",2,Illinois
CHI,23-24,drellhe01,Henri Drell,False,77,SF,6-8,185,"April 25, 2000",R,
CHI,23-24,drumman01,Andre Drummond,False,3,C,6-11,279,"August 10, 1993",11,UConn
CHI,23-24,funkan01,Andrew Funk,False,30,SG,6-5,200,"September 21, 1999",R,"Bucknell,Penn State"
CHI,23-24,greenja02,Javonte Green,False,24,SF,6-5,205,"July 23, 1993",4,Radford
CHI,23-24,lavinza01,Zach LaVine,False,8,SG,6-5,200,"March 10, 1995",9,UCLA
CHI,23-24,phillju01,Julian Phillips,False,15,SF,6-6,198,"November 5, 2003",R,Tennessee
CHI,23-24,sanogad01,Adama Sanogo,False,21,PF,6-9,245,"February 12, 2002",R,UConn
CHI,23-24,taylote01,Terry Taylor,False,32,PF,6-5,230,"September 23, 1999",2,Austin Peay State University
CHI,23-24,terryda01,Dalen Terry,False,25,SG,6-6,195,"July 12, 2002",1,Arizona
CHI,23-24,vucevni01,Nikola Vučević,False,9,C,6-9,260,"October 24, 1990",12,USC
CHI,23-24,whiteco01,Coby White,False,0,PG,6-4,195,"February 16, 2000",4,UNC
CHI,23-24,willipa01,Patrick Williams,False,44,PF,6-6,215,"August 26, 2001",3,Florida State
CHO,23-24,baileam01,Amari Bailey,False,10,PG,6-3,185,"February 17, 2004",R,UCLA
CHO,23-24,ballla01,LaMelo Ball,False,1,PG,6-7,180,"August 22, 2001",3,
CHO,23-24,bertada01,Dāvis Bertāns,False,9,PF,6-10,225,"November 12, 1992",7,
CHO,23-24,blackle01,Leaky Black,False,12,SF,6-6,209,"June 14, 1999",R,UNC
CHO,23-24,boldema01,Marques Bolden,False,3,C,6-10,249,"April 17, 1998",2,Duke
CHO,23-24,bouknja01,James Bouknight,False,2,SG,6-4,190,"September 18, 2000",2,UConn
CHO,23-24,bridgmi02,Miles Bridges,False,0,SF,6-7,225,"March 21, 1998",4,Michigan State
CHO,23-24,curryse01,Seth Curry,False,30,SG,6-1,185,"August 23, 1990",9,"Liberty,Duke"
CHO,23-24,haywago01,Gordon Hayward,False,20,SF,6-7,225,"March 23, 1990",13,Butler
CHO,23-24,maledth01,Théo Maledon,False,9,PG,6-4,175,"June 12, 2001",3,
CHO,23-24,manntr01,Tre Mann,False,23,PG,6-4,178,"February 3, 2001",2,Florida
CHO,23-24,martico01,Cody Martin,False,11,SF,6-6,205,"September 28, 1995",4,"NC State,Nevada"
CHO,23-24,mcgowbr01,Bryce McGowens,False,7,SG,6-6,190,"November 8, 2002",1,Nebraska
CHO,23-24,mensana01,Nathan Mensah,False,31,C,6-9,230,"April 9, 1998",R,San Diego State
CHO,23-24,micicva01,Vasilije Micić,False,22,PG,6-3,188,"January 13, 1994",R,
CHO,23-24,millebr02,Brandon Miller,False,24,SF,6-7,200,"November 22, 2002",R,Alabama
CHO,23-24,ntilila01,Frank Ntilikina,False,44,PG,6-4,200,"July 28, 1998",6,
CHO,23-24,pokusal01,Aleksej Pokusevski,False,17,PF,7-0,210,"December 26, 2001",3,
CHO,23-24,richani01,Nick Richards,False,4,C,6-11,245,"November 29, 1997",3,Kentucky
CHO,23-24,roziete01,Terry Rozier,False,3,SG,6-1,190,"March 17, 1994",8,Louisville
CHO,23-24,smithis01,Ish Smith,False,14,PG,6-0,175,"July 5, 1988",13,Wake Forest
CHO,23-24,smithni01,Nick Smith Jr.,False,8,SG,6-2,185,"April 18, 2004",R,Arkansas
CHO,23-24,thorjt01,JT Thor,False,21,PF,6-9,203,"August 26, 2002",2,Auburn
CHO,23-24,washipj01,P.J. Washington,False,25,PF,6-7,230,"August 23, 1998",4,Kentucky
CHO,23-24,willigr01,Grant Williams,False,2,PF,6-7,236,"November 30, 1998",4,Tennessee
CHO,23-24,willima07,Mark Williams,False,5,C,7-1,240,"December 16, 2001",1,Duke
CLE,23-24,allenja01,Jarrett Allen,False,31,C,6-9,243,"April 21, 1998",6,Texas
CLE,23-24,batesem01,Emoni Bates,False,21,SF,6-9,202,"January 28, 2004",R,"Memphis,Eastern Michigan"
CLE,23-24,garlada01,Darius Garland,False,10,PG,6-1,192,"January 26, 2000",4,Vanderbilt
CLE,23-24,jeromty01,Ty Jerome,False,2,SG,6-5,195,"July 8, 1997",4,Virginia
CLE,23-24,jonesda03,Damian Jones,False,30,C,6-10,245,"June 30, 1995",7,Vanderbilt
CLE,23-24,leverca01,Caris LeVert,False,3,SG,6-7,205,"August 25, 1994",7,Michigan
CLE,23-24,merrisa01,Sam Merrill,False,5,SG,6-4,205,"May 15, 1996",3,Utah State University
CLE,23-24,mitchdo01,Donovan Mitchell,False,45,SG,6-2,215,"September 7, 1996",6,Louisville
CLE,23-24,mobleev01,Evan Mobley,False,4,PF,6-11,215,"June 18, 2001",2,USC
CLE,23-24,mobleis01,Isaiah Mobley,False,15,PF,6-8,238,"September 24, 1999",1,USC
CLE,23-24,morrima03,Marcus Morris,False,24,PF,6-8,218,"September 2, 1989",12,Kansas
CLE,23-24,nancepe01,Pete Nance,False,8,PF,6-9,225,"February 19, 2000",R,"Northwestern,UNC"
CLE,23-24,niangge01,Georges Niang,False,20,PF,6-6,230,"June 17, 1993",7,Iowa State
CLE,23-24,okorois01,Isaac Okoro,False,35,SF,6-4,225,"January 26, 2001",3,Auburn
CLE,23-24,portecr01,Craig Porter Jr.,False,9,PG,6-1,180,"February 26, 2000",R,"Vincennes University,Wichita State"
CLE,23-24,strusma01,Max Strus,False,1,SF,6-5,215,"March 28, 1996",4,"Lewis (IL),DePaul"
CLE,23-24,thomptr01,Tristan Thompson,False,"12, 13",C,6-9,254,"March 13, 1991",12,Texas
CLE,23-24,wadede01,Dean Wade,False,32,PF,6-9,228,"November 20, 1996",4,Kansas State
DAL,23-24,browngr01,Greg Brown III,False,13,PF,6-7,206,"September 1, 2001",2,Texas
DAL,23-24,curryse01,Seth Curry,False,30,SG,6-1,185,"August 23, 1990",9,"Liberty,Duke"
DAL,23-24,dennide01,Dexter Dennis,False,17,SG,6-5,210,"February 9, 1999",R,"Wichita State,Texas A&M"
DAL,23-24,doncilu01,Luka Dončić,False,77,PG,6-8,230,"February 28, 1999",5,
DAL,23-24,exumda01,Danté Exum,False,0,PG,6-5,214,"July 13, 1995",6,
DAL,23-24,fudgeal01,Alex Fudge,False,3,SF,6-8,200,"May 6, 2003",R,"LSU,Florida"
DAL,23-24,gaffoda01,Daniel Gafford,False,21,PF,6-10,265,"October 1, 1998",4,Arkansas
DAL,23-24,greenjo02,Josh Green,False,8,SG,6-6,200,"November 16, 2000",3,Arizona
DAL,23-24,hardati02,Tim Hardaway Jr.,False,10,SF,6-5,205,"March 16, 1992",10,Michigan
DAL,23-24,hardyja02,Jaden Hardy,False,1,SG,6-3,198,"July 5, 2002",1,
DAL,23-24,holmeri01,Richaun Holmes,False,20,C,6-9,235,"October 15, 1993",8,Bowling Green
DAL,23-24,irvinky01,Kyrie Irving,False,11,SG,6-2,195,"March 23, 1992",12,Duke
DAL,23-24,jonesde02,Derrick Jones Jr.,False,55,SF,6-6,210,"February 15, 1997",7,UNLV
DAL,23-24,klebima01,Maxi Kleber,False,42,C,6-10,240,"January 29, 1992",6,
DAL,23-24,lawsoaj01,A.J. Lawson,False,9,SG,6-6,179,"July 15, 2000",1,South Carolina
DAL,23-24,livelde01,Dereck Lively II,False,2,C,7-1,230,"February 12, 2004",R,Duke
DAL,23-24,morrima02,Markieff Morris,False,88,PF,6-9,245,"September 2, 1989",12,Kansas
DAL,23-24,poweldw01,Dwight Powell,False,7,C,6-10,240,"July 20, 1991",9,Stanford
DAL,23-24,prospol01,Olivier-Maxence Prosper,False,18,PF,6-7,230,"July 3, 2002",R,"Clemson,Marquette"
DAL,23-24,washipj01,P.J. Washington,False,25,PF,6-7,230,"August 23, 1998",4,Kentucky
DAL,23-24,willibr03,Brandon Williams,False,00,PG,6-1,190,"November 22, 1999",1,Arizona
DAL,23-24,willigr01,Grant Williams,False,3,PF,6-7,236,"November 30, 1998",4,Tennessee
DEN,23-24,braunch01,Christian Braun,False,0,SG,6-6,220,"April 17, 2001",1,Kansas
DEN,23-24,caldwke01,Kentavious Caldwell-Pope,False,5,SG,6-5,204,"February 18, 1993",10,Georgia
DEN,23-24,gilleco01,Collin Gillespie,False,21,PG,6-1,195,"June 25, 1999",R,Villanova
DEN,23-24,gordoaa01,Aaron Gordon,False,50,PF,6-8,235,"September 16, 1995",9,Arizona
DEN,23-24,holidju01,Justin Holiday,False,9,SG,6-6,180,"April 5, 1989",10,Washington
DEN,23-24,huffja01,Jay Huff,False,30,C,7-1,240,"August 25, 1998",2,Virginia
DEN,23-24,jacksre01,Reggie Jackson,False,7,PG,6-2,208,"April 16, 1990",12,Boston College
DEN,23-24,jokicni01,Nikola Jokić,False,15,C,6-11,284,"February 19, 1995",8,
DEN,23-24,jordade01,DeAndre Jordan,False,6,C,6-11,265,"July 21, 1988",15,Texas A&M
DEN,23-24,keybr01,Braxton Key,False,11,SF,6-7,225,"February 14, 1997",2,"Alabama,Virginia"
DEN,23-24,murraja01,Jamal Murray,False,27,PG,6-4,215,"February 23, 1997",6,Kentucky
DEN,23-24,nnajize01,Zeke Nnaji,False,22,PF,6-10,240,"January 9, 2001",3,Arizona
DEN,23-24,pickeja02,Jalen Pickett,False,24,SG,6-2,202,"October 22, 1999",R,"Siena College,Penn State"
DEN,23-24,portemi01,Michael Porter Jr.,False,1,SF,6-10,218,"June 29, 1998",4,Missouri
DEN,23-24,strawju01,Julian Strawther,False,3,SF,6-6,205,"April 18, 2002",R,Gonzaga
DEN,23-24,tysonhu01,Hunter Tyson,False,4,PF,6-8,215,"June 13, 2000",R,Clemson
DEN,23-24,watsope01,Peyton Watson,False,8,SF,6-8,200,"September 11, 2002",1,UCLA
DET,23-24,baglema01,Marvin Bagley III,False,35,C,6-10,235,"March 14, 1999",5,Duke
DET,23-24,boehebu01,Buddy Boeheim,False,35,SF,6-5,205,"November 11, 1999",1,Syracuse
DET,23-24,bogdabo02,Bojan Bogdanović,False,44,PF,6-7,226,"April 18, 1989",9,
DET,23-24,browntr01,Troy Brown Jr.,False,7,SF,6-7,215,"July 28, 1999",5,Oregon
DET,23-24,burksal01,Alec Burks,False,14,SG,6-5,214,"July 20, 1991",12,Colorado
DET,23-24,cazalma01,Malcolm Cazalon,False,20,SG,6-6,185,"August 27, 2001",R,
DET,23-24,cunnica01,Cade Cunningham,False,2,PG,6-6,220,"September 25, 2001",2,Oklahoma State
DET,23-24,durenja01,Jalen Duren,False,0,C,6-10,250,"November 18, 2003",1,Memphis
DET,23-24,evbuoto01,Tosan Evbuomwan,False,18,SF,6-8,217,"February 16, 2001",R,Princeton
DET,23-24,flynnma01,Malachi Flynn,False,14,PG,6-1,185,"May 10, 1998",3,"Washington State,San Diego State"
DET,23-24,fontesi01,Simone Fontecchio,False,19,SF,6-7,209,"December 9, 1995",1,
DET,23-24,fournev01,Evan Fournier,False,31,SG,6-6,205,"October 29, 1992",11,
DET,23-24,gallida01,Danilo Gallinari,False,12,SF,6-10,236,"August 8, 1988",13,
DET,23-24,gibsota01,Taj Gibson,False,67,PF,6-9,232,"June 24, 1985",14,USC
DET,23-24,grimequ01,Quentin Grimes,False,24,SG,6-4,210,"May 8, 2000",2,"Kansas,Houston"
DET,23-24,harrijo01,Joe Harris,False,31,SG,6-6,220,"September 6, 1991",9,Virginia
DET,23-24,hayeski01,Killian Hayes,False,7,PG,6-4,195,"July 27, 2001",3,
DET,23-24,iveyja01,Jaden Ivey,False,23,SG,6-3,195,"February 13, 2002",1,Purdue
DET,23-24,knoxke01,Kevin Knox,False,24,SF,6-8,215,"August 11, 1999",5,Kentucky
DET,23-24,liveris01,Isaiah Livers,False,12,PF,6-6,232,"July 28, 1998",2,Michigan
DET,23-24,metuch01,Chimezie Metu,False,5,C,6-10,225,"March 22, 1997",5,USC
DET,23-24,miltosh01,Shake Milton,False,5,SG,6-5,205,"September 26, 1996",5,SMU
DET,23-24,morrimo01,Monte Morris,False,5,PG,6-2,183,"June 27, 1995",6,Iowa State
DET,23-24,muscami01,Mike Muscala,False,41,C,6-10,240,"July 1, 1991",10,Bucknell
DET,23-24,nowelja01,Jaylen Nowell,False,20,SG,6-4,201,"July 9, 1999",4,Washington
DET,23-24,rhodeja01,Jared Rhoden,False,8,SG,6-5,210,"August 27, 1999",1,Seton Hall
DET,23-24,sassema01,Marcus Sasser,False,25,PG,6-1,195,"September 21, 2000",R,Houston
DET,23-24,stewais01,Isaiah Stewart,False,28,PF,6-8,250,"May 22, 2001",3,Washington
DET,23-24,thompau01,Ausar Thompson,False,9,SF,6-7,205,"January 30, 2003",R,
DET,23-24,umudest01,Stanley Umude,False,17,SG,6-6,210,"April 12, 1999",1,"South Dakota,Arkansas"
DET,23-24,wisemja01,James Wiseman,False,13,C,6-11,240,"March 31, 2001",2,Memphis
GSW,23-24,curryst01,Stephen Curry,False,30,PG,6-2,185,"March 14, 1988",14,Davidson
GSW,23-24,garubus01,Usman Garuba,False,12,PF,6-8,229,"March 9, 2002",2,
GSW,23-24,greendr01,Draymond Green,False,23,PF,6-6,230,"March 4, 1990",11,Michigan State
GSW,23-24,jackstr02,Trayce Jackson-Davis,False,32,PF,6-9,245,"February 22, 2000",R,Indiana
GSW,23-24,josepco01,Cory Joseph,False,1,PG,6-2,200,"August 20, 1991",12,Texas
GSW,23-24,kuminjo01,Jonathan Kuminga,False,00,PF,6-7,225,"October 6, 2002",2,
GSW,23-24,looneke01,Kevon Looney,False,5,C,6-9,222,"February 6, 1996",8,UCLA
GSW,23-24,moodymo01,Moses Moody,False,4,SG,6-5,211,"May 31, 2002",2,Arkansas
GSW,23-24,paulch01,Chris Paul,False,3,PG,6-0,175,"May 6, 1985",18,Wake Forest
GSW,23-24,paytoga02,Gary Payton II,False,0,SG,6-2,195,"December 1, 1992",7,Oregon State
GSW,23-24,podzibr01,Brandin Podziemski,False,2,SG,6-4,205,"February 25, 2003",R,"Illinois,Santa Clara"
GSW,23-24,quinole01,Lester Quiñones,False,25,SG,6-5,208,"November 16, 2000",1,Memphis
GSW,23-24,robinje01,Jerome Robinson,False,18,SG,6-5,190,"February 22, 1997",3,Boston College
GSW,23-24,santogu01,Gui Santos,False,15,PF,6-7,185,"June 22, 2002",R,
GSW,23-24,saricda01,Dario Šarić,False,20,C,6-10,225,"April 8, 1994",6,
GSW,23-24,spencpa01,Pat Spencer,False,61,PG,6-2,205,"July 4, 1996",R,"Loyola (MD),Northwestern"
GSW,23-24,thompkl01,Klay Thompson,False,11,SF,6-5,220,"February 8, 1990",10,Washington State
GSW,23-24,wiggian01,Andrew Wiggins,False,22,SF,6-6,197,"February 23, 1995",9,Kansas
HOU,23-24,brookdi01,Dillon Brooks,False,9,SF,6-7,225,"January 22, 1996",6,Oregon
HOU,23-24,bullore01,Reggie Bullock,False,25,SF,6-6,205,"March 16, 1991",10,UNC
HOU,23-24,easonta01,Tari Eason,False,17,PF,6-8,215,"May 10, 2001",1,"Cincinnati,LSU"
HOU,23-24,greenja05,Jalen Green,False,4,SG,6-4,186,"February 9, 2002",2,
HOU,23-24,greenje02,Jeff Green,False,32,PF,6-8,235,"August 28, 1986",15,Georgetown
HOU,23-24,hintona01,Nate Hinton,False,14,SG,6-5,210,"June 8, 1999",2,Houston
HOU,23-24,holidaa01,Aaron Holiday,False,0,PG,6-0,185,"September 30, 1996",5,UCLA
HOU,23-24,landajo01,Jock Landale,False,2,C,6-11,255,"October 25, 1995",2,Saint Mary's
HOU,23-24,marjabo01,Boban Marjanović,False,51,C,7-4,290,"August 15, 1988",8,
HOU,23-24,samueje01,Jermaine Samuels,False,00,SF,6-6,230,"November 13, 1998",R,Villanova
HOU,23-24,sengual01,Alperen Şengün,False,28,C,6-11,243,"July 25, 2002",2,
HOU,23-24,smithja05,Jabari Smith Jr.,False,10,PF,6-11,220,"May 13, 2003",1,Auburn
HOU,23-24,tateja01,Jae'Sean Tate,False,8,SF,6-4,230,"October 28, 1995",3,Ohio State
HOU,23-24,thompam01,Amen Thompson,False,1,SF,6-7,200,"January 30, 2003",R,
HOU,23-24,vanvlfr01,Fred VanVleet,False,5,PG,6-0,197,"February 25, 1994",7,Wichita State
HOU,23-24,whitmca01,Cam Whitmore,False,7,SF,6-6,230,"July 8, 2004",R,Villanova
HOU,23-24,willije02,Nate Williams,False,19,SG,6-5,205,"February 12, 1999",1,Buffalo
IND,23-24,brownbr01,Bruce Brown,False,11,SG,6-4,202,"August 15, 1996",5,Miami (FL)
IND,23-24,brownke03,Kendall Brown,False,10,SG,6-6,205,"May 11, 2003",1,Baylor
IND,23-24,halibty01,Tyrese Haliburton,False,0,PG,6-5,185,"February 29, 2000",3,Iowa State
IND,23-24,hieldbu01,Buddy Hield,False,7,SF,6-4,220,"December 17, 1992",7,Oklahoma
IND,23-24,jacksis01,Isaiah Jackson,False,22,C,6-8,205,"January 10, 2002",2,Kentucky
IND,23-24,jacksqu01,Quenton Jackson,False,29,PG,6-4,173,"September 15, 1998",1,Texas A&M
IND,23-24,johnsja01,James Johnson,False,16,PF,6-7,240,"February 20, 1987",14,Wake Forest
IND,23-24,mathube01,Bennedict Mathurin,False,00,SF,6-5,210,"June 19, 2002",1,Arizona
IND,23-24,mccontj01,T.J. McConnell,False,9,PG,6-1,190,"March 25, 1992",8,"Duquesne,Arizona"
IND,23-24,mcderdo01,Doug McDermott,False,20,SF,6-7,225,"January 3, 1992",9,Creighton
IND,23-24,nembhan01,Andrew Nembhard,False,2,PG,6-4,191,"January 16, 2000",1,"Florida,Gonzaga"
IND,23-24,nesmiaa01,Aaron Nesmith,False,23,SF,6-5,215,"October 16, 1999",3,Vanderbilt
IND,23-24,nworajo01,Jordan Nwora,False,13,SF,6-8,225,"September 9, 1998",3,Louisville
IND,23-24,sheppbe01,Ben Sheppard,False,26,SG,6-6,190,"July 16, 2001",R,Belmont
IND,23-24,siakapa01,Pascal Siakam,False,43,PF,6-8,245,"April 2, 1994",7,New Mexico State
IND,23-24,smithja04,Jalen Smith,False,25,C,6-8,215,"March 16, 2000",3,Maryland
IND,23-24,theisda01,Daniel Theis,False,27,C,6-8,245,"April 4, 1992",6,
IND,23-24,toppiob01,Obi Toppin,False,1,PF,6-9,220,"March 4, 1998",3,Dayton
IND,23-24,tshieos01,Oscar Tshiebwe,False,44,PF,6-8,255,"November 27, 1999",R,"West Virginia,Kentucky"
IND,23-24,turnemy01,Myles Turner,False,33,C,6-11,250,"March 24, 1996",8,Texas
IND,23-24,walkeja02,Jarace Walker,False,5,PF,6-7,235,"September 4, 2003",R,Houston
IND,23-24,wongis01,Isaiah Wong,False,21,SG,6-3,185,"January 28, 2001",R,Miami (FL)
LAC,23-24,batumni01,Nicolas Batum,False,33,PF,6-7,230,"December 14, 1988",15,
LAC,23-24,bostobr01,Brandon Boston Jr.,False,4,SF,6-6,188,"November 28, 2001",2,Kentucky
LAC,23-24,brownko01,Kobe Brown,False,21,PF,6-7,250,"January 1, 2000",R,Missouri
LAC,23-24,coffeam01,Amir Coffey,False,7,SF,6-7,210,"June 17, 1997",4,Minnesota
LAC,23-24,covinro01,Robert Covington,False,23,PF,6-7,209,"December 14, 1990",10,Tennessee State
LAC,23-24,diabamo01,Moussa Diabaté,False,25,C,6-10,210,"January 21, 2002",1,Michigan
LAC,23-24,georgpa01,Paul George,False,13,PF,6-8,220,"May 2, 1990",13,Fresno State
LAC,23-24,hardeja01,James Harden,False,1,PG,6-5,220,"August 26, 1989",14,Arizona State
LAC,23-24,hylanbo01,Bones Hyland,False,5,PG,6-2,169,"September 14, 2000",2,VCU
LAC,23-24,leonaka01,Kawhi Leonard,False,2,SF,6-6,225,"June 29, 1991",11,San Diego State
LAC,23-24,mannte01,Terance Mann,False,14,SG,6-6,215,"October 18, 1996",4,Florida State
LAC,23-24,martike04,KJ Martin,False,6,SF,6-6,215,"January 6, 2001",3,
LAC,23-24,millejo02,Jordan Miller,False,11,SF,6-5,194,"January 23, 2000",R,"George Mason,Miami (FL)"
LAC,23-24,moonxa01,Xavier Moon,False,22,SG,6-0,165,"January 2, 1995",2,"Northwest Florida State College,Morehead State University"
LAC,23-24,plumlma01,Mason Plumlee,False,44,C,7-0,254,"March 5, 1990",10,Duke
LAC,23-24,powelno01,Norman Powell,False,24,SG,6-3,215,"May 25, 1993",8,UCLA
LAC,23-24,primojo01,Joshua Primo,False,12,SG,6-4,189,"December 24, 2002",2,Alabama
LAC,23-24,theisda01,Daniel Theis,False,10,C,6-8,245,"April 4, 1992",6,
LAC,23-24,tuckepj01,P.J. Tucker,False,17,PF,6-5,245,"May 5, 1985",12,Texas
LAC,23-24,westbru01,Russell Westbrook,False,0,PG,6-4,200,"November 12, 1988",15,UCLA
LAC,23-24,zubaciv01,Ivica Zubac,False,40,C,7-0,240,"March 18, 1997",7,
LAL,23-24,castlco01,Colin Castleton,False,14,C,6-10,250,"May 25, 2000",R,"Michigan,Florida"
LAL,23-24,chrisma02,Max Christie,False,10,SG,6-5,190,"February 10, 2003",1,Michigan State
LAL,23-24,davisan02,Anthony Davis,False,3,C,6-10,253,"March 11, 1993",11,Kentucky
LAL,23-24,dinwisp01,Spencer Dinwiddie,False,26,PG,6-5,215,"April 6, 1993",9,Colorado
LAL,23-24,fudgeal01,Alex Fudge,False,17,SF,6-8,200,"May 6, 2003",R,"LSU,Florida"
LAL,23-24,gilesha01,Harry Giles,False,20,C,6-10,240,"April 22, 1998",3,Duke
LAL,23-24,hachiru01,Rui Hachimura,False,28,PF,6-8,230,"February 8, 1998",4,Gonzaga
LAL,23-24,hayesja02,Jaxson Hayes,False,11,C,7-0,220,"May 23, 2000",4,Texas
LAL,23-24,hodgedm01,D'Moi Hodge,False,55,SG,6-3,188,"December 20, 1998",R,"State College of Florida, Manatee-Sarasota,Cleveland State University,Missouri"
LAL,23-24,hoodsja01,Jalen Hood-Schifino,False,0,SG,6-5,210,"June 19, 2003",R,Indiana
LAL,23-24,jamesle01,LeBron James,False,23,PF,6-9,250,"December 30, 1984",20,
LAL,23-24,lewisma05,Maxwell Lewis,False,21,SF,6-7,215,"July 27, 2002",R,Pepperdine
LAL,23-24,mayssk01,Skylar Mays,False,4,SG,6-4,205,"September 5, 1997",3,LSU
LAL,23-24,princta02,Taurean Prince,False,12,PF,6-6,218,"March 22, 1994",7,Baylor
LAL,23-24,reaveau01,Austin Reaves,False,15,SG,6-5,197,"May 29, 1998",2,"Wichita State,Oklahoma"
LAL,23-24,reddica01,Cam Reddish,False,5,SF,6-7,230,"September 1, 1999",4,Duke
LAL,23-24,russeda01,D'Angelo Russell,False,1,PG,6-3,193,"February 23, 1996",8,Ohio State
LAL,23-24,vandeja01,Jarred Vanderbilt,False,2,PF,6-8,214,"April 3, 1999",5,Kentucky
LAL,23-24,vincega01,Gabe Vincent,False,7,PG,6-2,200,"June 14, 1996",4,UC Santa Barbara
LAL,23-24,windldy01,Dylan Windler,False,20,SF,6-7,196,"September 22, 1996",3,Belmont
LAL,23-24,woodch01,Christian Wood,False,35,PF,6-8,214,"September 27, 1995",7,UNLV
MEM,23-24,aldamsa01,Santi Aldama,False,7,PF,7-0,215,"January 10, 2001",2,Loyola (MD)
MEM,23-24,allenti01,Timmy Allen,False,0,SF,6-6,210,"January 9, 2000",R,"Utah,Texas"
MEM,23-24,banede01,Desmond Bane,False,22,SG,6-6,215,"June 25, 1998",3,TCU
MEM,23-24,biyombi01,Bismack Biyombo,False,18,C,6-8,255,"August 28, 1992",12,
MEM,23-24,clarkbr01,Brandon Clarke,False,15,PF,6-8,215,"September 19, 1996",4,"San Jose State,Gonzaga"
MEM,23-24,evbuoto01,Tosan Evbuomwan,False,18,SF,6-8,217,"February 16, 2001",R,Princeton
MEM,23-24,gabriwe01,Wenyen Gabriel,False,32,PF,6-9,205,"March 26, 1997",4,Kentucky
MEM,23-24,gilyaja01,Jacob Gilyard,False,0,PG,5-8,160,"July 14, 1998",1,Richmond
MEM,23-24,goodwjo01,Jordan Goodwin,False,4,PG,6-3,215,"October 23, 1998",2,Saint Louis
MEM,23-24,harrish01,Shaquille Harrison,False,1,SG,6-4,195,"October 6, 1993",6,Tulsa
MEM,23-24,hurtma01,Matthew Hurt,False,20,PF,6-9,233,"April 20, 2000",R,Duke
MEM,23-24,jacksgg01,GG Jackson II,False,45,PF,6-9,210,"December 17, 2004",R,South Carolina
MEM,23-24,jacksja02,Jaren Jackson Jr.,False,13,C,6-10,242,"September 15, 1999",5,Michigan State
MEM,23-24,jarrede01,DeJon Jarreau,False,77,SG,6-5,185,"January 23, 1998",1,"UMass,Houston"
MEM,23-24,jemistr01,Trey Jemison,False,55,C,6-10,270,"November 28, 1999",R,"Clemson,UAB"
MEM,23-24,kennalu01,Luke Kennard,False,10,SG,6-5,206,"June 24, 1996",6,Duke
MEM,23-24,konchjo01,John Konchar,False,46,SF,6-5,210,"March 22, 1996",4,Purdue-Fort Wayne
MEM,23-24,laravja01,Jake LaRavia,False,3,PF,6-7,235,"November 3, 2001",1,"Indiana State University,Wake Forest"
MEM,23-24,loftoke01,Kenneth Lofton Jr.,False,6,PF,6-6,275,"August 14, 2002",1,Louisiana Tech
MEM,23-24,moranja01,Ja Morant,False,12,PG,6-2,174,"August 10, 1999",4,Murray State
MEM,23-24,nowelja01,Jaylen Nowell,False,24,SG,6-4,201,"July 9, 1999",4,Washington
MEM,23-24,pereima01,Mãozinha Pereira,False,25,SF,6-8,177,"August 28, 2000",R,
MEM,23-24,pippesc02,Scotty Pippen Jr.,False,1,PG,6-2,170,"November 10, 2000",1,Vanderbilt
MEM,23-24,roddyda01,David Roddy,False,21,PF,6-5,255,"March 27, 2001",1,Colorado State
MEM,23-24,rosede01,Derrick Rose,False,23,PG,6-3,200,"October 4, 1988",14,Memphis
MEM,23-24,simpsza01,Zavier Simpson,False,2,PG,6-0,190,"February 11, 1997",1,Michigan
MEM,23-24,smartma01,Marcus Smart,False,36,PG,6-3,220,"March 6, 1994",9,Oklahoma State
MEM,23-24,stevela01,Lamar Stevens,False,24,PF,6-7,230,"July 9, 1997",3,Penn State
MEM,23-24,tillmxa01,Xavier Tillman Sr.,False,2,C,6-8,245,"January 12, 1999",3,Michigan State
MEM,23-24,watanyu01,Yuta Watanabe,False,18,SF,6-9,215,"October 13, 1994",5,George Washington
MEM,23-24,whiteja03,Jack White,False,14,SF,6-7,225,"August 5, 1997",1,Duke
MEM,23-24,willivi01,Vince Williams Jr.,False,5,SG,6-4,205,"August 30, 2000",1,VCU
MEM,23-24,willizi02,Ziaire Williams,False,8,SF,6-9,185,"September 12, 2001",2,Stanford
MIA,23-24,adebaba01,Bam Adebayo,False,13,C,6-9,255,"July 18, 1997",6,Kentucky
MIA,23-24,bryanth01,Thomas Bryant,False,31,C,6-9,248,"July 31, 1997",6,Indiana
MIA,23-24,butleji01,Jimmy Butler,False,22,PF,6-6,230,"September 14, 1989",12,"Tyler Junior College,Marquette"
MIA,23-24,cainja01,Jamal Cain,False,8,PF,6-7,191,"March 20, 1999",1,"Marquette,Oakland"
MIA,23-24,hamptrj01,R.J. Hampton,False,4,PG,6-4,175,"February 7, 2001",3,
MIA,23-24,herroty01,Tyler Herro,False,14,SG,6-5,195,"January 20, 2000",4,Kentucky
MIA,23-24,highsha01,Haywood Highsmith,False,24,PF,6-5,220,"December 9, 1996",3,Wheeling University
MIA,23-24,jaqueja01,Jaime Jaquez Jr.,False,11,SF,6-6,225,"February 18, 2001",R,UCLA
MIA,23-24,jovicni01,Nikola Jović,False,5,PF,6-10,205,"June 9, 2003",1,
MIA,23-24,loveke01,Kevin Love,False,42,PF,6-10,251,"September 7, 1988",15,UCLA
MIA,23-24,lowryky01,Kyle Lowry,False,7,PG,6-0,196,"March 25, 1986",17,Villanova
MIA,23-24,martica02,Caleb Martin,False,16,SF,6-5,205,"September 28, 1995",4,"NC State,Nevada"
MIA,23-24,millspa02,Patty Mills,False,88,PG,6-2,180,"August 11, 1988",14,Saint Mary's
MIA,23-24,richajo01,Josh Richardson,False,0,SG,6-5,200,"September 15, 1993",8,Tennessee
MIA,23-24,robindu01,Duncan Robinson,False,55,SF,6-7,215,"April 22, 1994",5,"Williams,Michigan"
MIA,23-24,robinor01,Orlando Robinson,False,25,C,6-10,235,"July 10, 2000",1,Fresno State
MIA,23-24,roziete01,Terry Rozier,False,2,PG,6-1,190,"March 17, 1994",8,Louisville
MIA,23-24,smithdr01,Dru Smith,False,9,SG,6-2,203,"December 30, 1997",1,"University of Evansville,Missouri"
MIA,23-24,swideco01,Cole Swider,False,21,SF,6-10,220,"May 8, 1999",1,"Villanova,Syracuse"
MIA,23-24,willial06,Alondes Williams,False,15,SG,6-4,210,"June 19, 1999",1,"Triton College,Oklahoma,Wake Forest"
MIA,23-24,wrighde01,Delon Wright,False,4,PG,6-4,185,"April 26, 1992",8,Utah
MIL,23-24,antetgi01,Giannis Antetokounmpo,False,34,PF,6-11,243,"December 6, 1994",10,
MIL,23-24,antetth01,Thanasis Antetokounmpo,False,43,PF,6-7,219,"July 18, 1992",5,
MIL,23-24,beaslma01,Malik Beasley,False,5,SG,6-4,187,"November 26, 1996",7,Florida State
MIL,23-24,beaucma01,MarJon Beauchamp,False,3,SF,6-7,199,"October 12, 2000",1,Yakima Valley Community College
MIL,23-24,beverpa01,Patrick Beverley,False,21,PG,6-2,180,"July 12, 1988",11,Arkansas
MIL,23-24,boldema01,Marques Bolden,False,12,C,6-10,249,"April 17, 1998",2,Duke
MIL,23-24,connapa01,Pat Connaughton,False,24,SF,6-5,209,"January 6, 1993",8,Notre Dame
MIL,23-24,crowdja01,Jae Crowder,False,99,PF,6-6,235,"July 6, 1990",11,Marquette
MIL,23-24,gallida01,Danilo Gallinari,False,12,SF,6-10,236,"August 8, 1988",13,
MIL,23-24,greenaj01,A.J. Green,False,20,SG,6-4,190,"September 27, 1999",1,University of Northern Iowa
MIL,23-24,jacksan01,Andre Jackson Jr.,False,44,SG,6-6,209,"November 13, 2001",R,UConn
MIL,23-24,lillada01,Damian Lillard,False,0,PG,6-2,200,"July 15, 1990",11,Weber State
MIL,23-24,livinch01,Chris Livingston,False,7,SF,6-6,220,"October 15, 2003",R,Kentucky
MIL,23-24,lopezbr01,Brook Lopez,False,11,C,7-1,282,"April 1, 1988",15,Stanford
MIL,23-24,lopezro01,Robin Lopez,False,42,C,7-1,281,"April 1, 1988",15,Stanford
MIL,23-24,middlkh01,Khris Middleton,False,22,SF,6-7,222,"August 12, 1991",11,Texas A&M
MIL,23-24,payneca01,Cameron Payne,False,15,PG,6-2,183,"August 8, 1994",8,Murray State
MIL,23-24,portibo01,Bobby Portis,False,9,PF,6-9,250,"February 10, 1995",8,Arkansas
MIL,23-24,rolliry01,Ryan Rollins,False,55,PG,6-3,180,"July 3, 2002",1,Toledo
MIL,23-24,washity02,TyTy Washington Jr.,False,23,PG,6-3,195,"November 15, 2001",1,Kentucky
MIL,23-24,wiggili01,Lindell Wigginton,False,28,PG,6-1,189,"March 28, 1998",2,Iowa State
MIN,23-24,alexani01,Nickeil Alexander-Walker,False,9,SG,6-5,205,"September 2, 1998",4,Virginia Tech
MIN,23-24,anderky01,Kyle Anderson,False,1,PF,6-8,230,"September 20, 1993",9,UCLA
MIN,23-24,browntr01,Troy Brown Jr.,False,23,SF,6-7,215,"July 28, 1999",5,Oregon
MIN,23-24,conlemi01,Mike Conley,False,10,PG,6-1,175,"October 11, 1987",16,Ohio State
MIN,23-24,edwaran01,Anthony Edwards,False,5,SG,6-4,225,"August 5, 2001",3,Georgia
MIN,23-24,garzalu01,Luka Garza,False,55,C,6-10,243,"December 27, 1998",2,Iowa
MIN,23-24,goberru01,Rudy Gobert,False,27,C,7-1,258,"June 26, 1992",10,
MIN,23-24,jacksju01,Justin Jackson,False,44,SF,6-8,220,"March 28, 1995",6,UNC
MIN,23-24,mcdanja02,Jaden McDaniels,False,3,SF,6-9,185,"September 29, 2000",3,Washington
MIN,23-24,mclaujo01,Jordan McLaughlin,False,6,PG,5-11,185,"April 9, 1996",4,USC
MIN,23-24,millele01,Leonard Miller,False,33,SF,6-10,220,"November 26, 2003",R,
MIN,23-24,miltosh01,Shake Milton,False,18,SG,6-5,205,"September 26, 1996",5,SMU
MIN,23-24,minotjo01,Josh Minott,False,8,SF,6-8,205,"November 25, 2002",1,Memphis
MIN,23-24,moorewe01,Wendell Moore Jr.,False,7,SG,6-5,215,"September 18, 2001",1,Duke
MIN,23-24,morrimo01,Monte Morris,False,23,PG,6-2,183,"June 27, 1995",6,Iowa State
MIN,23-24,nixda01,Daishen Nix,False,12,PG,6-3,226,"February 13, 2002",2,
MIN,23-24,reidna01,Naz Reid,False,11,PF,6-9,264,"August 26, 1999",4,LSU
MIN,23-24,townska01,Karl-Anthony Towns,False,32,PF,7-0,248,"November 15, 1995",8,Kentucky
MIN,23-24,warretj01,T.J. Warren,False,24,SF,6-8,220,"September 5, 1993",8,NC State
NOP,23-24,alvarjo01,Jose Alvarado,False,15,PG,6-0,179,"April 12, 1998",2,Georgia Tech
NOP,23-24,brockiz01,Izaiah Brockington,False,21,PG,6-4,196,"July 12, 1999",R,"St. Bonaventure,Penn State,Iowa State"
NOP,23-24,crutcja01,Jalen Crutcher,False,10,PG,6-1,175,"July 18, 1999",R,Dayton
NOP,23-24,daniedy01,Dyson Daniels,False,11,PG,6-7,199,"March 17, 2003",1,
NOP,23-24,gateska01,Kaiser Gates,False,12,SF,6-8,223,"November 8, 1996",R,Xavier
NOP,23-24,hawkijo01,Jordan Hawkins,False,24,SG,6-5,190,"April 29, 2002",R,UConn
NOP,23-24,ingrabr01,Brandon Ingram,False,14,SF,6-8,190,"September 2, 1997",7,Duke
NOP,23-24,joneshe01,Herbert Jones,False,5,SF,6-7,206,"October 6, 1998",2,Alabama
NOP,23-24,lewiski01,Kira Lewis Jr.,False,13,PG,6-1,170,"April 6, 2001",3,Alabama
NOP,23-24,liddeej01,E.J. Liddell,False,32,PF,6-6,240,"December 18, 2000",R,Ohio State
NOP,23-24,marshna01,Naji Marshall,False,8,SF,6-6,220,"January 24, 1998",3,Xavier
NOP,23-24,mccolcj01,CJ McCollum,False,3,PG,6-3,190,"September 19, 1991",10,Lehigh
NOP,23-24,murphtr02,Trey Murphy III,False,25,SF,6-8,206,"June 18, 2000",2,"Rice University,Virginia"
NOP,23-24,nancela02,Larry Nance Jr.,False,22,C,6-6,245,"January 1, 1993",8,Wyoming
NOP,23-24,robinje02,Jeremiah Robinson-Earl,False,50,PF,6-9,240,"November 3, 2000",2,Villanova
NOP,23-24,ryanma01,Matt Ryan,False,37,SF,6-6,215,"April 17, 1997",2,"Notre Dame,Vanderbilt,Chattanooga"
NOP,23-24,seabrde01,Dereon Seabron,False,0,SG,6-5,180,"May 26, 2000",1,NC State
NOP,23-24,valanjo01,Jonas Valančiūnas,False,17,C,6-11,265,"May 6, 1992",11,
NOP,23-24,willizi01,Zion Williamson,False,1,PF,6-6,284,"July 6, 2000",3,Duke
NOP,23-24,zelleco01,Cody Zeller,False,40,C,6-11,240,"October 5, 1992",10,Indiana
NYK,23-24,achiupr01,Precious Achiuwa,False,5,PF,6-8,243,"September 19, 1999",3,Memphis
NYK,23-24,anunoog01,OG Anunoby,False,8,SF,6-7,240,"July 17, 1997",6,Indiana
NYK,23-24,arcidry01,Ryan Arcidiacono,False,51,PG,6-3,195,"March 26, 1994",6,Villanova
NYK,23-24,barrerj01,RJ Barrett,False,9,SG,6-6,214,"June 14, 2000",4,Duke
NYK,23-24,bogdabo02,Bojan Bogdanović,False,44,SF,6-7,226,"April 18, 1989",9,
NYK,23-24,brownch02,Charlie Brown Jr.,False,"4, 44",SG,6-6,199,"February 2, 1997",3,Saint Joseph's
NYK,23-24,brunsja01,Jalen Brunson,False,11,PG,6-2,190,"August 31, 1996",5,Villanova
NYK,23-24,burksal01,Alec Burks,False,18,SG,6-5,214,"July 20, 1991",12,Colorado
NYK,23-24,diakima01,Mamadi Diakite,False,25,PF,6-9,228,"January 21, 1997",3,Virginia
NYK,23-24,divindo01,Donte DiVincenzo,False,0,SG,6-4,203,"January 31, 1997",5,Villanova
NYK,23-24,flynnma01,Malachi Flynn,False,4,PG,6-1,185,"May 10, 1998",3,"Washington State,San Diego State"
NYK,23-24,fournev01,Evan Fournier,False,13,SG,6-6,205,"October 29, 1992",11,
NYK,23-24,gibsota01,Taj Gibson,False,67,PF,6-9,232,"June 24, 1985",14,USC
NYK,23-24,grimequ01,Quentin Grimes,False,6,SG,6-4,210,"May 8, 2000",2,"Kansas,Houston"
NYK,23-24,hartjo01,Josh Hart,False,3,SF,6-5,215,"March 6, 1995",6,Villanova
NYK,23-24,harteis01,Isaiah Hartenstein,False,55,C,7-0,250,"May 5, 1998",5,
NYK,23-24,jeffrda01,DaQuan Jeffries,False,"8, 21",SG,6-5,222,"August 30, 1997",4,"Oral Roberts,Tulsa"
NYK,23-24,mcbrimi01,Miles McBride,False,2,PG,6-2,195,"September 8, 2000",2,West Virginia
NYK,23-24,miltosh01,Shake Milton,False,13,SG,6-5,205,"September 26, 1996",5,SMU
NYK,23-24,quickim01,Immanuel Quickley,False,5,SG,6-2,190,"June 17, 1999",3,Kentucky
NYK,23-24,randlju01,Julius Randle,False,30,PF,6-9,250,"November 29, 1994",9,Kentucky
NYK,23-24,robinmi01,Mitchell Robinson,False,23,C,7-0,240,"April 1, 1998",5,Western Kentucky
NYK,23-24,simsje01,Jericho Sims,False,45,C,6-10,250,"October 20, 1998",2,Texas
NYK,23-24,skapidm01,Dmytro Skapintsev,False,14,C,7-1,260,"May 12, 1998",R,Cal State Northridge
NYK,23-24,toppija01,Jacob Toppin,False,00,SF,6-9,200,"May 8, 2000",R,"Rhode Island,Kentucky"
NYK,23-24,windldy01,Dylan Windler,False,20,SF,6-7,196,"September 22, 1996",3,Belmont
OKC,23-24,bertada01,Dāvis Bertāns,False,9,PF,6-10,225,"November 12, 1992",7,
OKC,23-24,biyombi01,Bismack Biyombo,False,15,C,6-8,255,"August 28, 1992",12,
OKC,23-24,diengou01,Ousmane Dieng,False,13,PF,6-9,185,"May 21, 2003",1,
OKC,23-24,dortlu01,Luguentz Dort,False,5,SF,6-4,220,"April 19, 1999",4,Arizona State
OKC,23-24,flaglad01,Adam Flagler,False,14,SG,6-1,180,"December 1, 1999",R,"Presbyterian College,Baylor"
OKC,23-24,giddejo01,Josh Giddey,False,3,SG,6-7,216,"October 10, 2002",2,
OKC,23-24,gilgesh01,Shai Gilgeous-Alexander,False,2,PG,6-6,195,"July 12, 1998",5,Kentucky
OKC,23-24,haywago01,Gordon Hayward,False,33,SF,6-7,225,"March 23, 1990",13,Butler
OKC,23-24,holmgch01,Chet Holmgren,False,7,C,7-1,208,"May 1, 2002",R,Gonzaga
OKC,23-24,joeis01,Isaiah Joe,False,11,SG,6-4,165,"July 2, 1999",3,Arkansas
OKC,23-24,johnske08,Keyontae Johnson,False,18,SF,6-4,230,"May 24, 2000",R,"Florida,Kansas State"
OKC,23-24,manntr01,Tre Mann,False,23,PG,6-4,178,"February 3, 2001",2,Florida
OKC,23-24,micicva01,Vasilije Micić,False,29,PG,6-3,188,"January 13, 1994",R,
OKC,23-24,muscami01,Mike Muscala,False,50,C,6-10,240,"July 1, 1991",10,Bucknell
OKC,23-24,pokusal01,Aleksej Pokusevski,False,17,PF,7-0,210,"December 26, 2001",3,
OKC,23-24,sarrol01,Olivier Sarr,False,30,C,6-10,240,"February 20, 1999",2,"Wake Forest,Kentucky"
OKC,23-24,wallaca01,Cason Wallace,False,22,SG,6-3,195,"November 7, 2003",R,Kentucky
OKC,23-24,waterli01,Lindy Waters III,False,12,SG,6-5,210,"July 28, 1997",2,Oklahoma State
OKC,23-24,wiggiaa01,Aaron Wiggins,False,21,SG,6-5,190,"January 2, 1999",2,Maryland
OKC,23-24,willija06,Jalen Williams,False,8,PF,6-5,211,"April 14, 2001",1,Santa Clara
OKC,23-24,willija07,Jaylin Williams,False,6,C,6-9,240,"June 29, 2002",1,Arkansas
OKC,23-24,willike04,Kenrich Williams,False,34,PF,6-7,210,"December 2, 1994",5,TCU
ORL,23-24,anthoco01,Cole Anthony,False,50,PG,6-2,185,"May 15, 2000",3,UNC
ORL,23-24,banchpa01,Paolo Banchero,False,5,PF,6-10,250,"November 12, 2002",1,Duke
ORL,23-24,bitadgo01,Goga Bitadze,False,35,C,6-11,250,"July 20, 1999",4,
ORL,23-24,blackan01,Anthony Black,False,0,PG,6-7,200,"January 20, 2004",R,Arkansas
ORL,23-24,cartewe01,Wendell Carter Jr.,False,34,C,6-10,270,"April 16, 1999",5,Duke
ORL,23-24,fultzma01,Markelle Fultz,False,20,PG,6-4,209,"May 29, 1998",6,Washington
ORL,23-24,harriga01,Gary Harris,False,14,SG,6-4,210,"September 14, 1994",9,Michigan State
ORL,23-24,harrike01,Kevon Harris,False,8,SG,6-5,216,"June 24, 1997",1,Stephen F. Austin
ORL,23-24,houstca01,Caleb Houstan,False,2,SF,6-8,205,"January 9, 2003",1,Michigan
ORL,23-24,howarje01,Jett Howard,False,13,SF,6-8,215,"September 14, 2003",R,Michigan
ORL,23-24,inglejo01,Joe Ingles,False,7,SF,6-8,220,"October 2, 1987",9,
ORL,23-24,isaacjo01,Jonathan Isaac,False,1,PF,6-10,230,"October 3, 1997",4,Florida State
ORL,23-24,okekech01,Chuma Okeke,False,3,SF,6-7,229,"August 18, 1998",3,Auburn
ORL,23-24,queentr01,Trevelin Queen,False,12,SG,6-5,190,"February 25, 1997",2,"College of Marin,New Mexico Military Institute,New Mexico State"
ORL,23-24,schofad01,Admiral Schofield,False,25,PF,6-5,241,"March 30, 1997",3,Tennessee
ORL,23-24,suggsja01,Jalen Suggs,False,4,SG,6-5,205,"June 3, 2001",2,Gonzaga
ORL,23-24,wagnefr01,Franz Wagner,False,22,SF,6-10,220,"August 27, 2001",2,Michigan
ORL,23-24,wagnemo01,Moritz Wagner,False,21,C,6-11,245,"April 26, 1997",5,Michigan
PHI,23-24,bambamo01,Mo Bamba,False,"5, 7",C,7-0,231,"May 12, 1998",5,Texas
PHI,23-24,batumni01,Nicolas Batum,False,40,PF,6-7,230,"December 14, 1988",15,
PHI,23-24,bazleda01,Darius Bazley,False,25,PF,6-9,216,"June 12, 2000",4,
PHI,23-24,beverpa01,Patrick Beverley,False,22,PG,6-2,180,"July 12, 1988",11,Arkansas
PHI,23-24,councri01,Ricky Council IV,False,16,SG,6-6,207,"August 3, 2001",R,"Wichita State,Arkansas"
PHI,23-24,covinro01,Robert Covington,False,33,SF,6-7,209,"December 14, 1990",10,Tennessee State
PHI,23-24,dowtije01,Jeff Dowtin Jr.,False,11,PG,6-3,177,"May 10, 1997",2,Rhode Island
PHI,23-24,embiijo01,Joel Embiid,False,21,C,7-0,280,"March 16, 1994",7,Kansas
PHI,23-24,greenda02,Danny Green,False,14,SG,6-6,215,"June 22, 1987",14,UNC
PHI,23-24,harrito02,Tobias Harris,False,12,PF,6-8,226,"July 15, 1992",12,Tennessee
PHI,23-24,hieldbu01,Buddy Hield,False,17,SG,6-4,220,"December 17, 1992",7,Oklahoma
PHI,23-24,houseda01,Danuel House Jr.,False,25,SF,6-6,220,"June 7, 1993",7,Texas A&M
PHI,23-24,korkmfu01,Furkan Korkmaz,False,30,SG,6-7,202,"July 24, 1997",6,
PHI,23-24,loftoke01,Kenneth Lofton Jr.,False,35,PF,6-6,275,"August 14, 2002",1,Louisiana Tech
PHI,23-24,lowryky01,Kyle Lowry,False,7,PG,6-0,196,"March 25, 1986",17,Villanova
PHI,23-24,martike04,KJ Martin,False,1,SF,6-6,215,"January 6, 2001",3,
PHI,23-24,maxeyty01,Tyrese Maxey,False,0,PG,6-2,200,"November 4, 2000",3,Kentucky
PHI,23-24,meltode01,De'Anthony Melton,False,8,SG,6-2,200,"May 28, 1998",5,USC
PHI,23-24,morrima03,Marcus Morris,False,5,PF,6-8,218,"September 2, 1989",12,Kansas
PHI,23-24,oubreke01,Kelly Oubre Jr.,False,9,SF,6-8,203,"December 9, 1995",8,Kansas
PHI,23-24,payneca01,Cameron Payne,False,22,PG,6-2,183,"August 8, 1994",8,Murray State
PHI,23-24,petrufi01,Filip Petrušev,False,33,C,6-11,225,"April 15, 2000",R,Gonzaga
PHI,23-24,reedpa01,Paul Reed,False,44,C,6-9,210,"June 14, 1999",3,DePaul
PHI,23-24,smartja01,Javonte Smart,False,39,PG,6-4,205,"June 3, 1999",1,LSU
PHI,23-24,smithte01,Terquavion Smith,False,23,PG,6-4,160,"December 31, 2002",R,NC State
PHI,23-24,sprinja01,Jaden Springer,False,11,SG,6-4,202,"September 25, 2002",2,Tennessee
PHI,23-24,tuckepj01,P.J. Tucker,False,17,PF,6-5,245,"May 5, 1985",12,Texas
PHI,23-24,wilsodj01,D.J. Wilson,False,20,PF,6-10,231,"February 19, 1996",5,Michigan
PHO,23-24,allengr01,Grayson Allen,False,8,SG,6-3,198,"October 8, 1995",5,Duke
PHO,23-24,azubuud01,Udoka Azubuike,False,27,C,6-11,270,"September 17, 1999",3,Kansas
PHO,23-24,bateske01,Keita Bates-Diop,False,21,SF,6-8,229,"January 23, 1996",5,Ohio State
PHO,23-24,bealbr01,Bradley Beal,False,3,SG,6-4,207,"June 28, 1993",11,Florida
PHO,23-24,bolbo01,Bol Bol,False,11,PF,7-3,220,"November 16, 1999",4,Oregon
PHO,23-24,bookede01,Devin Booker,False,1,PG,6-5,206,"October 30, 1996",8,Kentucky
PHO,23-24,duranke01,Kevin Durant,False,35,PF,6-11,240,"September 29, 1988",15,Texas
PHO,23-24,eubandr01,Drew Eubanks,False,14,C,6-10,245,"February 1, 1997",5,Oregon State
PHO,23-24,goodwjo01,Jordan Goodwin,False,0,PG,6-3,215,"October 23, 1998",2,Saint Louis
PHO,23-24,gordoer01,Eric Gordon,False,23,SG,6-3,215,"December 25, 1988",15,Indiana
PHO,23-24,leesa01,Saben Lee,False,38,PG,6-2,183,"June 23, 1999",3,Vanderbilt
PHO,23-24,littlna01,Nassir Little,False,25,SF,6-6,220,"February 11, 2000",4,UNC
PHO,23-24,maledth01,Théo Maledon,False,12,PG,6-4,175,"June 12, 2001",3,
PHO,23-24,metuch01,Chimezie Metu,False,4,C,6-10,225,"March 22, 1997",5,USC
PHO,23-24,nurkiju01,Jusuf Nurkić,False,20,C,6-11,290,"August 23, 1994",9,
PHO,23-24,onealro01,Royce O'Neale,False,00,SF,6-6,226,"June 5, 1993",6,"Denver,Baylor"
PHO,23-24,okogijo01,Josh Okogie,False,2,SG,6-4,213,"September 1, 1998",5,Georgia Tech
PHO,23-24,roddyda01,David Roddy,False,21,PF,6-5,255,"March 27, 2001",1,Colorado State
PHO,23-24,thomais02,Isaiah Thomas,False,4,PG,5-9,185,"February 7, 1989",11,Washington
PHO,23-24,wainris01,Ish Wainright,False,12,SF,6-5,250,"September 12, 1994",2,Baylor
PHO,23-24,watanyu01,Yuta Watanabe,False,18,SF,6-9,215,"October 13, 1994",5,George Washington
PHO,23-24,youngth01,Thaddeus Young,False,30,PF,6-8,225,"June 21, 1988",16,Georgia Tech
POR,23-24,aytonde01,Deandre Ayton,False,2,C,7-0,252,"July 23, 1998",5,Arizona
POR,23-24,badjiib01,Ibou Badji,False,41,C,6-10,240,"October 13, 2002",R,
POR,23-24,bantoda01,Dalano Banton,False,5,PG,6-8,203,"November 7, 1999",2,Nebraska
POR,23-24,bouyeja01,Jamaree Bouyea,False,21,PG,6-2,180,"June 27, 1999",1,San Francisco
POR,23-24,brogdma01,Malcolm Brogdon,False,11,PG,6-4,229,"December 11, 1992",7,Virginia
POR,23-24,brownmo01,Moses Brown,False,10,C,7-2,258,"October 13, 1999",4,UCLA
POR,23-24,camarto01,Toumani Camara,False,33,PF,6-7,230,"May 8, 2000",R,"Georgia,Dayton"
POR,23-24,grantje01,Jerami Grant,False,9,PF,6-7,213,"March 12, 1994",9,Syracuse
POR,23-24,haganas01,Ashton Hagans,False,19,PG,6-3,190,"July 8, 1999",1,Kentucky
POR,23-24,hendesc01,Scoot Henderson,False,00,PG,6-3,207,"February 3, 2004",R,
POR,23-24,mayssk01,Skylar Mays,False,5,PG,6-4,205,"September 5, 1997",3,LSU
POR,23-24,minayju01,Justin Minaya,False,24,SF,6-5,205,"March 26, 1999",1,"South Carolina,Providence"
POR,23-24,mooreta02,Taze Moore,False,76,SG,6-5,195,"June 29, 1998",R,"Cal State-Bakersfield,Houston"
POR,23-24,murrakr01,Kris Murray,False,8,SF,6-8,218,"August 19, 2000",R,Iowa
POR,23-24,reathdu01,Duop Reath,False,26,C,6-9,245,"June 26, 1996",R,"Lee College,LSU"
POR,23-24,ruperra01,Rayan Rupert,False,72,SG,6-7,205,"May 31, 2004",R,
POR,23-24,sharpsh01,Shaedon Sharpe,False,17,SG,6-5,210,"May 30, 2003",1,Kentucky
POR,23-24,simonan01,Anfernee Simons,False,1,SG,6-3,200,"June 8, 1999",5,
POR,23-24,thybuma01,Matisse Thybulle,False,4,SF,6-5,202,"March 4, 1997",4,Washington
POR,23-24,wainris01,Ish Wainright,False,23,SF,6-5,250,"September 12, 1994",2,Baylor
POR,23-24,walkeja01,Jabari Walker,False,34,PF,6-7,237,"July 30, 2002",1,Colorado
POR,23-24,williro04,Robert Williams,False,35,C,6-9,249,"October 17, 1997",5,Texas A&M
SAC,23-24,barneha02,Harrison Barnes,False,40,PF,6-7,225,"May 30, 1992",11,UNC
SAC,23-24,duartch01,Chris Duarte,False,3,SF,6-5,190,"June 13, 1997",2,Oregon
SAC,23-24,edwarke02,Kessler Edwards,False,17,SF,6-8,203,"August 9, 2000",2,Pepperdine
SAC,23-24,elliske01,Keon Ellis,False,23,SG,6-4,175,"January 8, 2000",1,"Florida SouthWestern State College,Alabama"
SAC,23-24,fordjo01,Jordan Ford,False,31,PG,6-1,175,"May 26, 1998",R,Saint Mary's
SAC,23-24,foxde01,De'Aaron Fox,False,5,PG,6-3,185,"December 20, 1997",6,Kentucky
SAC,23-24,huertke01,Kevin Huerter,False,9,SG,6-6,198,"August 27, 1998",5,Maryland
SAC,23-24,jonesco02,Colby Jones,False,20,SG,6-6,207,"May 28, 2002",R,Xavier
SAC,23-24,jonesma05,Mason Jones,False,8,SG,6-4,200,"July 21, 1998",2,"Connors State College,Arkansas"
SAC,23-24,lenal01,Alex Len,False,25,C,7-0,250,"June 16, 1993",10,Maryland
SAC,23-24,lylestr01,Trey Lyles,False,41,PF,6-9,234,"November 5, 1995",8,Kentucky
SAC,23-24,mcgeeja01,JaVale McGee,False,00,C,7-0,270,"January 19, 1988",15,Nevada
SAC,23-24,mitchda01,Davion Mitchell,False,15,PG,6-0,202,"September 5, 1998",2,"Auburn,Baylor"
SAC,23-24,monkma01,Malik Monk,False,0,SG,6-3,200,"February 4, 1998",6,Kentucky
SAC,23-24,murrake02,Keegan Murray,False,13,SF,6-8,225,"August 19, 2000",1,Iowa
SAC,23-24,petrufi01,Filip Petrušev,False,33,C,6-11,225,"April 15, 2000",R,Gonzaga
SAC,23-24,sabondo01,Domantas Sabonis,False,10,C,6-10,240,"May 3, 1996",7,Gonzaga
SAC,23-24,slawsja01,Jalen Slawson,False,18,SF,6-7,215,"October 22, 1999",R,Furman University
SAC,23-24,toscaju01,Juan Toscano-Anderson,False,95,SF,6-6,209,"April 10, 1993",4,Marquette
SAC,23-24,vezenal01,Sasha Vezenkov,False,7,PF,6-8,225,"August 6, 1995",R,
SAS,23-24,barlodo01,Dominick Barlow,False,26,PF,6-9,215,"May 26, 2003",1,
SAS,23-24,bassech01,Charles Bassey,False,28,C,6-10,230,"October 28, 2000",2,Western Kentucky
SAS,23-24,bouyeja01,Jamaree Bouyea,False,15,PG,6-2,180,"June 27, 1999",1,San Francisco
SAS,23-24,branhma01,Malaki Branham,False,22,PG,6-4,180,"May 12, 2003",1,Ohio State
SAS,23-24,champju02,Julian Champagnie,False,30,SF,6-7,217,"June 29, 2001",1,St. John's
SAS,23-24,cissosi01,Sidy Cissoko,False,25,SF,6-6,220,"April 2, 2004",R,
SAS,23-24,colliza01,Zach Collins,False,23,C,6-9,250,"November 19, 1997",5,Gonzaga
SAS,23-24,diakima01,Mamadi Diakite,False,29,PF,6-9,228,"January 21, 1997",3,Virginia
SAS,23-24,dukeda01,David Duke Jr.,False,7,SG,6-4,204,"October 13, 1999",2,Providence
SAS,23-24,grahade01,Devonte' Graham,False,4,PG,6-1,195,"February 22, 1995",5,Kansas
SAS,23-24,grayra01,RaiQuan Gray,False,41,PF,6-7,260,"July 7, 1999",1,Florida State
SAS,23-24,johnske04,Keldon Johnson,False,3,SF,6-6,220,"October 11, 1999",4,Kentucky
SAS,23-24,jonestr01,Tre Jones,False,33,PG,6-1,185,"January 8, 2000",3,Duke
SAS,23-24,mamuksa01,Sandro Mamukelashvili,False,54,C,6-9,240,"May 23, 1999",2,Seton Hall
SAS,23-24,mcderdo01,Doug McDermott,False,17,SF,6-7,225,"January 3, 1992",9,Creighton
SAS,23-24,osmande01,Cedi Osman,False,16,SF,6-7,230,"April 8, 1995",6,
SAS,23-24,sochaje01,Jeremy Sochan,False,10,PF,6-8,230,"May 20, 2003",1,Baylor
SAS,23-24,vassede01,Devin Vassell,False,24,SG,6-5,200,"August 23, 2000",3,Florida State
SAS,23-24,wembavi01,Victor Wembanyama,False,1,C,7-4,235,"January 4, 2004",R,
SAS,23-24,weslebl01,Blake Wesley,False,14,SG,6-4,190,"March 16, 2003",1,Notre Dame
TOR,23-24,achiupr01,Precious Achiuwa,False,5,C,6-8,243,"September 19, 1999",3,Memphis
TOR,23-24,agbajoc01,Ochai Agbaji,False,30,SG,6-5,215,"April 20, 2000",1,Kansas
TOR,23-24,anunoog01,OG Anunoby,False,3,SF,6-7,240,"July 17, 1997",6,Indiana
TOR,23-24,barnesc01,Scottie Barnes,False,4,SG,6-8,237,"August 1, 2001",2,Florida State
TOR,23-24,barrerj01,RJ Barrett,False,9,SG,6-6,214,"June 14, 2000",4,Duke
TOR,23-24,bouchch01,Chris Boucher,False,25,PF,6-8,200,"January 11, 1993",6,"New Mexico Junior College,Northwest College,Oregon"
TOR,23-24,brownbr01,Bruce Brown,False,11,PG,6-4,202,"August 15, 1996",5,Miami (FL)
TOR,23-24,cartodj01,D.J. Carton,False,3,SG,6-2,200,"August 5, 2000",R,"Ohio State,Marquette"
TOR,23-24,dickgr01,Gradey Dick,False,1,SG,6-7,200,"November 20, 2003",R,Kansas
TOR,23-24,flynnma01,Malachi Flynn,False,22,PG,6-1,185,"May 10, 1998",3,"Washington State,San Diego State"
TOR,23-24,freemja01,Javon Freeman-Liberty,False,0,PG,6-3,190,"October 20, 1999",R,"Valparaiso,DePaul"
TOR,23-24,gueyemo01,Mouhamadou Gueye,False,16,PF,6-9,210,"July 6, 1998",R,"Monroe Community College,Stony Brook University,Pitt"
TOR,23-24,harpero02,Ron Harper Jr.,False,8,PF,6-5,233,"April 12, 2000",1,Rutgers University
TOR,23-24,lewiski01,Kira Lewis Jr.,False,3,PG,6-1,170,"April 6, 2001",3,Alabama
TOR,23-24,mcdanja01,Jalen McDaniels,False,2,SF,6-9,205,"January 31, 1998",4,San Diego State
TOR,23-24,nowelma01,Markquis Nowell,False,24,SG,5-7,160,"December 25, 1999",R,"Little Rock,Kansas State"
TOR,23-24,nworajo01,Jordan Nwora,False,13,SF,6-8,225,"September 9, 1998",3,Louisville
TOR,23-24,olynyke01,Kelly Olynyk,False,41,C,7-0,240,"April 19, 1991",10,Gonzaga
TOR,23-24,poeltja01,Jakob Poeltl,False,19,C,7-0,253,"October 15, 1995",7,Utah
TOR,23-24,portejo01,Jontay Porter,False,"11, 34",PF,6-11,240,"November 15, 1999",1,Missouri
TOR,23-24,porteot01,Otto Porter Jr.,False,32,SF,6-8,198,"June 3, 1993",10,Georgetown
TOR,23-24,quickim01,Immanuel Quickley,False,5,PG,6-2,190,"June 17, 1999",3,Kentucky
TOR,23-24,ramseja01,Jahmi'us Ramsey,False,37,SG,6-3,190,"June 9, 2001",2,Texas Tech
TOR,23-24,schrode01,Dennis Schröder,False,17,PG,6-1,175,"September 15, 1993",10,
TOR,23-24,siakapa01,Pascal Siakam,False,43,PF,6-8,245,"April 2, 1994",7,New Mexico State
TOR,23-24,simmoko01,Kobi Simmons,False,8,PG,6-5,180,"July 4, 1997",3,Arizona
TOR,23-24,templga01,Garrett Temple,False,"14, 17",SG,6-5,195,"May 8, 1986",13,LSU
TOR,23-24,trentga02,Gary Trent Jr.,False,33,SG,6-5,204,"January 18, 1999",5,Duke
TOR,23-24,willima11,Malik Williams,False,35,C,6-11,250,"August 26, 1998",R,Louisville
TOR,23-24,youngth01,Thaddeus Young,False,21,PF,6-8,225,"June 21, 1988",16,Georgia Tech
UTA,23-24,agbajoc01,Ochai Agbaji,False,30,SG,6-5,215,"April 20, 2000",1,Kansas
UTA,23-24,bazleda01,Darius Bazley,False,21,PF,6-9,216,"June 12, 2000",4,
UTA,23-24,clarkjo01,Jordan Clarkson,False,00,SG,6-5,194,"June 7, 1992",9,"Tulsa,Missouri"
UTA,23-24,collijo01,John Collins,False,20,PF,6-9,226,"September 23, 1997",6,Wake Forest
UTA,23-24,dunnkr01,Kris Dunn,False,11,PG,6-3,205,"March 18, 1994",7,Providence
UTA,23-24,fontesi01,Simone Fontecchio,False,16,SF,6-7,209,"December 9, 1995",1,
UTA,23-24,georgke01,Keyonte George,False,3,PG,6-4,185,"November 8, 2003",R,Baylor
UTA,23-24,hendrta01,Taylor Hendricks,False,0,PF,6-9,215,"November 22, 2003",R,Central Florida
UTA,23-24,hortota01,Talen Horton-Tucker,False,5,PG,6-4,234,"November 25, 2000",4,Iowa State
UTA,23-24,juzanjo01,Johnny Juzang,False,33,SG,6-7,226,"March 17, 2001",1,"Kentucky,UCLA"
UTA,23-24,kesslwa01,Walker Kessler,False,24,C,7-2,245,"July 26, 2001",1,"UNC,Auburn"
UTA,23-24,lewiski01,Kira Lewis Jr.,False,13,PG,6-1,170,"April 6, 2001",3,Alabama
UTA,23-24,loftoke01,Kenneth Lofton Jr.,False,34,PF,6-6,275,"August 14, 2002",1,Louisiana Tech
UTA,23-24,markkla01,Lauri Markkanen,False,23,PF,7-1,240,"May 22, 1997",6,Arizona
UTA,23-24,olynyke01,Kelly Olynyk,False,41,C,7-0,240,"April 19, 1991",10,Gonzaga
UTA,23-24,pottemi01,Micah Potter,False,25,PF,6-9,248,"April 6, 1998",2,"Ohio State,Wisconsin"
UTA,23-24,prestja01,Jason Preston,False,10,PG,6-3,181,"August 10, 1999",1,Ohio University
UTA,23-24,samanlu01,Luka Šamanić,False,19,PF,6-10,227,"January 9, 2000",3,
UTA,23-24,sensabr01,Brice Sensabaugh,False,8,SF,6-6,235,"October 30, 2003",R,Ohio State
UTA,23-24,sextoco01,Collin Sexton,False,2,SG,6-3,190,"January 4, 1999",5,Alabama
UTA,23-24,yurtsom01,Omer Yurtseven,False,77,C,6-11,275,"June 19, 1998",2,"NC State,Georgetown"
WAS,23-24,avdijde01,Deni Avdija,False,8,SF,6-8,228,"January 3, 2001",3,
WAS,23-24,baglema01,Marvin Bagley III,False,35,C,6-10,235,"March 14, 1999",5,Duke
WAS,23-24,baldwpa01,Patrick Baldwin Jr.,False,7,SF,7-0,220,"November 18, 2002",1,UW-Milwaukee
WAS,23-24,bernaju01,Jules Bernard,False,14,SG,6-6,210,"January 21, 2000",R,UCLA
WAS,23-24,butleja02,Jared Butler,False,4,SG,6-3,193,"August 25, 2000",2,Baylor
WAS,23-24,champju01,Justin Champagnie,False,9,SF,6-6,206,"June 29, 2001",2,Pitt
WAS,23-24,coulibi01,Bilal Coulibaly,False,0,SF,6-7,195,"July 26, 2004",R,
WAS,23-24,davisjo06,Johnny Davis,False,1,SG,6-4,195,"February 27, 2002",1,Wisconsin
WAS,23-24,diallha01,Hamidou Diallo,False,9,SG,6-5,202,"July 31, 1998",5,Kentucky
WAS,23-24,gaffoda01,Daniel Gafford,False,21,C,6-10,265,"October 1, 1998",4,Arkansas
WAS,23-24,gallida01,Danilo Gallinari,False,88,PF,6-10,236,"August 8, 1988",13,
WAS,23-24,gillan01,Anthony Gill,False,16,PF,6-7,230,"October 17, 1992",3,"South Carolina,Virginia"
WAS,23-24,holmeri01,Richaun Holmes,False,22,PF,6-9,235,"October 15, 1993",8,Bowling Green
WAS,23-24,jemistr01,Trey Jemison,False,50,C,6-10,270,"November 28, 1999",R,"Clemson,UAB"
WAS,23-24,jonesty01,Tyus Jones,False,5,PG,6-0,196,"May 10, 1996",8,Duke
WAS,23-24,kispeco01,Corey Kispert,False,24,SF,6-6,224,"March 3, 1999",2,Gonzaga
WAS,23-24,kuzmaky01,Kyle Kuzma,False,33,PF,6-8,221,"July 24, 1995",6,Utah
WAS,23-24,muscami01,Mike Muscala,False,35,C,6-10,240,"July 1, 1991",10,Bucknell
WAS,23-24,omorueu01,Eugene Omoruyi,False,97,SF,6-6,235,"February 14, 1997",2,"Rutgers University,Oregon"
WAS,23-24,poolejo01,Jordan Poole,False,13,SG,6-4,194,"June 19, 1999",4,Michigan
WAS,23-24,rolliry01,Ryan Rollins,False,9,PG,6-3,180,"July 3, 2002",1,Toledo
WAS,23-24,shamela01,Landry Shamet,False,20,SG,6-5,190,"March 13, 1997",5,Wichita State
WAS,23-24,vukcetr01,Tristan Vukcevic,False,00,C,7-0,220,"March 11, 2003",R,
WAS,23-24,wrighde01,Delon Wright,False,55,PG,6-4,185,"April 26, 1992",8,Utah
ATL,24-25,barlodo01,Dominick Barlow,False,0,PF,6-9,215,"May 26, 2003",2,
ATL,24-25,bogdabo01,Bogdan Bogdanović,False,13,SG,6-5,225,"August 18, 1992",7,
ATL,24-25,bufkiko01,Kobe Bufkin,False,4,SG,6-4,195,"September 21, 2003",1,Michigan
ATL,24-25,capelca01,Clint Capela,False,15,C,6-10,256,"May 18, 1994",10,
ATL,24-25,daniedy01,Dyson Daniels,False,5,SG,6-7,199,"March 17, 2003",2,
ATL,24-25,gueyemo02,Mouhamed Gueye,False,18,PF,6-11,210,"November 9, 2002",1,Washington State
ATL,24-25,huntede01,De'Andre Hunter,False,12,SF,6-7,221,"December 2, 1997",5,Virginia
ATL,24-25,johnsja05,Jalen Johnson,False,1,SF,6-8,219,"December 18, 2001",3,Duke
ATL,24-25,krejcvi01,Vít Krejčí,False,27,PG,6-8,195,"June 19, 2000",3,
ATL,24-25,leverca01,Caris LeVert,False,3,SG,6-7,205,"August 25, 1994",8,Michigan
ATL,24-25,mannte01,Terance Mann,False,14,SG,6-6,215,"October 18, 1996",5,Florida State
ATL,24-25,mathega01,Garrison Mathews,False,24,SG,6-5,215,"October 24, 1996",5,Lipscomb
ATL,24-25,nancela02,Larry Nance Jr.,False,22,PF,6-6,245,"January 1, 1993",9,Wyoming
ATL,24-25,niangge01,Georges Niang,False,20,PF,6-6,230,"June 17, 1993",8,Iowa State
ATL,24-25,okongon01,Onyeka Okongwu,False,17,C,6-10,240,"December 11, 2000",4,USC
ATL,24-25,plowdda01,Daeqwon Plowden,False,29,SG,6-4,216,"August 29, 1998",R,Bowling Green
ATL,24-25,risacza01,Zaccharie Risacher,False,10,SF,6-8,200,"April 8, 2005",R,
ATL,24-25,roddyda01,David Roddy,False,8,PF,6-5,255,"March 27, 2001",2,Colorado State
ATL,24-25,toppija01,Jacob Toppin,False,00,SF,6-9,200,"May 8, 2000",1,"Rhode Island,Kentucky"
ATL,24-25,wallake01,Keaton Wallace,False,2,PG,6-3,185,"February 26, 1999",R,Texas-San Antonio
ATL,24-25,youngtr01,Trae Young,False,11,PG,6-2,164,"September 19, 1998",6,Oklahoma
BOS,24-25,brownja02,Jaylen Brown,False,7,SF,6-6,223,"October 24, 1996",8,California
BOS,24-25,craigto01,Torrey Craig,False,12,SF,6-5,221,"December 19, 1990",7,USC Upstate
BOS,24-25,davisjd01,JD Davison,False,20,PG,6-1,195,"October 3, 2002",2,Alabama
BOS,24-25,hausesa01,Sam Hauser,False,30,PF,6-7,217,"December 8, 1997",3,"Marquette,Virginia"
BOS,24-25,holidjr01,Jrue Holiday,False,4,PG,6-4,220,"June 12, 1990",15,UCLA
BOS,24-25,horfoal01,Al Horford,False,42,C,6-8,240,"June 3, 1986",17,Florida
BOS,24-25,kornelu01,Luke Kornet,False,40,C,7-1,250,"July 15, 1995",7,Vanderbilt
BOS,24-25,norrimi01,Miles Norris,False,44,PF,6-7,220,"April 15, 2000",R,"Oregon,City College of San Francisco,UC Santa Barbara"
BOS,24-25,peterdr01,Drew Peterson,False,13,PF,6-8,205,"November 9, 1999",1,"Rice University,USC"
BOS,24-25,porzikr01,Kristaps Porziņģis,False,8,C,7-2,240,"August 2, 1995",8,
BOS,24-25,pritcpa01,Payton Pritchard,False,11,PG,6-1,195,"January 28, 1998",4,Oregon
BOS,24-25,quetane01,Neemias Queta,False,88,C,7-0,248,"July 13, 1999",3,Utah State University
BOS,24-25,scheiba01,Baylor Scheierman,False,55,SG,6-6,205,"September 26, 2000",R,"South Dakota State,Creighton"
BOS,24-25,sprinja01,Jaden Springer,False,44,SG,6-4,202,"September 25, 2002",3,Tennessee
BOS,24-25,tatumja01,Jayson Tatum,False,0,PF,6-8,210,"March 3, 1998",7,Duke
BOS,24-25,tillmxa01,Xavier Tillman Sr.,False,26,C,6-8,245,"January 12, 1999",4,Michigan State
BOS,24-25,walshjo01,Jordan Walsh,False,27,PF,6-6,205,"March 3, 2004",1,Arkansas
BOS,24-25,whitede01,Derrick White,False,9,SG,6-4,190,"July 2, 1994",7,"Colorado-Colorado Springs,Colorado"
BRK,24-25,beekmre01,Reece Beekman,False,4,PG,6-3,190,"October 8, 2001",R,Virginia
BRK,24-25,claxtni01,Nic Claxton,False,33,C,6-11,215,"April 17, 1999",5,Georgia
BRK,24-25,clownno01,Noah Clowney,False,21,PF,6-10,210,"July 14, 2004",1,Alabama
BRK,24-25,cuiyo01,Cui Yongxi,False,8,SG,6-5,190,"May 28, 2003",R,
BRK,24-25,etienty01,Tyson Etienne,False,10,PG,6-0,200,"September 17, 1999",R,Wichita State
BRK,24-25,evbuoto01,Tosan Evbuomwan,False,12,SF,6-8,217,"February 16, 2001",1,Princeton
BRK,24-25,finnedo01,Dorian Finney-Smith,False,28,PF,6-7,220,"May 4, 1993",8,Florida
BRK,24-25,hayeski01,Killian Hayes,False,7,PG,6-4,195,"July 27, 2001",4,
BRK,24-25,johnsca02,Cameron Johnson,False,2,PF,6-8,210,"March 3, 1996",5,"Pitt,UNC"
BRK,24-25,johnske07,Keon Johnson,False,45,SG,6-5,185,"March 10, 2002",3,Tennessee
BRK,24-25,lewisma05,Maxwell Lewis,False,27,SF,6-7,215,"July 27, 2002",1,Pepperdine
BRK,24-25,martija02,Jaylen Martin,False,16,SF,6-6,216,"January 28, 2004",R,
BRK,24-25,martity01,Tyrese Martin,False,13,SG,6-6,215,"March 7, 1999",1,"Rhode Island,UConn"
BRK,24-25,miltosh01,Shake Milton,False,7,SG,6-5,205,"September 26, 1996",6,SMU
BRK,24-25,russeda01,D'Angelo Russell,False,1,PG,6-3,193,"February 23, 1996",9,Ohio State
BRK,24-25,schrode01,Dennis Schröder,False,17,PG,6-1,175,"September 15, 1993",11,
BRK,24-25,sharpda01,Day'Ron Sharpe,False,20,C,6-10,265,"November 6, 2001",3,UNC
BRK,24-25,simmobe01,Ben Simmons,False,10,PG,6-10,240,"July 20, 1996",6,LSU
BRK,24-25,thomaca02,Cam Thomas,False,24,SG,6-3,210,"October 13, 2001",3,LSU
BRK,24-25,timmedr01,Drew Timme,False,26,PF,6-9,235,"September 9, 2000",R,Gonzaga
BRK,24-25,watfotr01,Trendon Watford,False,9,PF,6-8,237,"November 9, 2000",3,LSU
BRK,24-25,whiteda01,Dariq Whitehead,False,0,SF,6-6,220,"August 1, 2004",1,Duke
BRK,24-25,willizi02,Ziaire Williams,False,"1, 8",SF,6-9,185,"September 12, 2001",3,Stanford
BRK,24-25,wilsoja03,Jalen Wilson,False,22,PF,6-6,220,"November 4, 2000",1,Kansas
CHI,24-25,balllo01,Lonzo Ball,False,2,PG,6-5,190,"October 27, 1997",5,UCLA
CHI,24-25,buzelma01,Matas Buzelis,False,14,SF,6-8,209,"October 13, 2004",R,
CHI,24-25,carteje01,Jevon Carter,False,5,PG,6-0,200,"September 14, 1995",6,West Virginia
CHI,24-25,colliza01,Zach Collins,False,12,PF,6-9,250,"November 19, 1997",6,Gonzaga
CHI,24-25,craigto01,Torrey Craig,False,13,SF,6-5,221,"December 19, 1990",7,USC Upstate
CHI,24-25,dosunay01,Ayo Dosunmu,False,11,SG,6-4,200,"January 17, 2000",3,Illinois
CHI,24-25,duartch01,Chris Duarte,False,27,SG,6-5,190,"June 13, 1997",3,Oregon
CHI,24-25,giddejo01,Josh Giddey,False,3,PG,6-7,216,"October 10, 2002",3,
CHI,24-25,hortota01,Talen Horton-Tucker,False,22,SG,6-4,234,"November 25, 2000",5,Iowa State
CHI,24-25,huertke01,Kevin Huerter,False,13,SG,6-6,198,"August 27, 1998",6,Maryland
CHI,24-25,jonestr01,Tre Jones,False,30,PG,6-1,185,"January 8, 2000",4,Duke
CHI,24-25,lavinza01,Zach LaVine,False,8,SF,6-5,200,"March 10, 1995",10,UCLA
CHI,24-25,liddeej01,E.J. Liddell,False,32,PF,6-6,240,"December 18, 2000",1,Ohio State
CHI,24-25,milleem01,Emanuel Miller,False,20,PF,6-5,215,"June 19, 2000",R,"Texas A&M,TCU"
CHI,24-25,phillju01,Julian Phillips,False,15,SF,6-6,198,"November 5, 2003",1,Tennessee
CHI,24-25,sanogad01,Adama Sanogo,False,21,C,6-9,245,"February 12, 2002",1,UConn
CHI,24-25,smithja04,Jalen Smith,False,7,C,6-8,215,"March 16, 2000",4,Maryland
CHI,24-25,terryda01,Dalen Terry,False,25,SG,6-6,195,"July 12, 2002",2,Arizona
CHI,24-25,vucevni01,Nikola Vučević,False,9,C,6-9,260,"October 24, 1990",13,USC
CHI,24-25,whiteco01,Coby White,False,0,SG,6-4,195,"February 16, 2000",5,UNC
CHI,24-25,willipa01,Patrick Williams,False,44,PF,6-6,215,"August 26, 2001",4,Florida State
CHI,24-25,youngja05,Jahmir Young,False,17,PG,6-0,185,"October 7, 2000",R,"UNC Charlotte,Maryland"
CHO,24-25,ballla01,LaMelo Ball,False,1,PG,6-7,180,"August 22, 2001",4,
CHO,24-25,baughda01,Damion Baugh,False,7,SG,6-4,194,"August 3, 2000",R,"Memphis,TCU"
CHO,24-25,bridgmi02,Miles Bridges,False,0,PF,6-7,225,"March 21, 1998",5,Michigan State
CHO,24-25,curryse01,Seth Curry,False,30,SG,6-1,185,"August 23, 1990",10,"Liberty,Duke"
CHO,24-25,diabamo01,Moussa Diabaté,False,14,C,6-10,210,"January 21, 2002",2,Michigan
CHO,24-25,flynnma01,Malachi Flynn,False,22,PG,6-1,185,"May 10, 1998",4,"Washington State,San Diego State"
CHO,24-25,garrema01,Marcus Garrett,False,28,SG,6-5,205,"November 9, 1998",1,Kansas
CHO,24-25,gibsota01,Taj Gibson,False,67,C,6-9,232,"June 24, 1985",15,USC
CHO,24-25,greenjo02,Josh Green,False,10,SG,6-6,200,"November 16, 2000",4,Arizona
CHO,24-25,jeffrda01,DaQuan Jeffries,False,3,SG,6-5,222,"August 30, 1997",5,"Oral Roberts,Tulsa"
CHO,24-25,manntr01,Tre Mann,False,23,PG,6-4,178,"February 3, 2001",3,Florida
CHO,24-25,martico01,Cody Martin,False,11,SF,6-6,205,"September 28, 1995",5,"NC State,Nevada"
CHO,24-25,micicva01,Vasilije Micić,False,22,PG,6-3,188,"January 13, 1994",1,
CHO,24-25,millebr02,Brandon Miller,False,24,SF,6-7,200,"November 22, 2002",1,Alabama
CHO,24-25,moorewe01,Wendell Moore Jr.,False,9,SG,6-5,215,"September 18, 2001",2,Duke
CHO,24-25,nurkiju01,Jusuf Nurkić,False,11,C,6-11,290,"August 23, 1994",10,
CHO,24-25,okogijo01,Josh Okogie,False,12,SG,6-4,213,"September 1, 1998",6,Georgia Tech
CHO,24-25,paytoel01,Elfrid Payton,False,22,PG,6-3,195,"February 22, 1994",8,Louisiana
CHO,24-25,rhodeja01,Jared Rhoden,False,27,SG,6-5,210,"August 27, 1999",2,Seton Hall
CHO,24-25,richani01,Nick Richards,False,4,C,6-11,245,"November 29, 1997",4,Kentucky
CHO,24-25,salauti01,Tidjane Salaün,False,31,PF,6-10,207,"August 10, 2005",R,
CHO,24-25,simpskj01,KJ Simpson,False,25,PG,6-2,189,"August 8, 2002",R,Colorado
CHO,24-25,simsja01,Jaylen Sims,False,33,SG,6-6,210,"December 11, 1998",R,UNC Wilmington
CHO,24-25,smithni01,Nick Smith Jr.,False,8,SG,6-2,185,"April 18, 2004",1,Arkansas
CHO,24-25,willigr01,Grant Williams,False,2,PF,6-7,236,"November 30, 1998",5,Tennessee
CHO,24-25,willima07,Mark Williams,False,5,C,7-1,240,"December 16, 2001",2,Duke
CHO,24-25,wongis01,Isaiah Wong,False,21,SG,6-3,185,"January 28, 2001",1,Miami (FL)
CLE,24-25,allenja01,Jarrett Allen,False,31,C,6-9,243,"April 21, 1998",7,Texas
CLE,24-25,batesem01,Emoni Bates,False,21,SF,6-9,202,"January 28, 2004",1,"Memphis,Eastern Michigan"
CLE,24-25,garlada01,Darius Garland,False,10,PG,6-1,192,"January 26, 2000",5,Vanderbilt
CLE,24-25,greenja02,Javonte Green,False,8,SG,6-5,205,"July 23, 1993",5,Radford
CLE,24-25,huntede01,De'Andre Hunter,False,12,SF,6-7,221,"December 2, 1997",5,Virginia
CLE,24-25,jeromty01,Ty Jerome,False,2,SG,6-5,195,"July 8, 1997",5,Virginia
CLE,24-25,leverca01,Caris LeVert,False,3,SF,6-7,205,"August 25, 1994",8,Michigan
CLE,24-25,merrisa01,Sam Merrill,False,5,SG,6-4,205,"May 15, 1996",4,Utah State University
CLE,24-25,mitchdo01,Donovan Mitchell,False,45,SG,6-2,215,"September 7, 1996",7,Louisville
CLE,24-25,mobleev01,Evan Mobley,False,4,PF,6-11,215,"June 18, 2001",3,USC
CLE,24-25,niangge01,Georges Niang,False,20,PF,6-6,230,"June 17, 1993",8,Iowa State
CLE,24-25,okekech01,Chuma Okeke,False,18,PF,6-7,229,"August 18, 1998",4,Auburn
CLE,24-25,okorois01,Isaac Okoro,False,35,SG,6-4,225,"January 26, 2001",4,Auburn
CLE,24-25,portecr01,Craig Porter Jr.,False,9,PG,6-1,180,"February 26, 2000",1,"Vincennes University,Wichita State"
CLE,24-25,strusma01,Max Strus,False,1,SF,6-5,215,"March 28, 1996",5,"Lewis (IL),DePaul"
CLE,24-25,thomptr01,Tristan Thompson,False,13,C,6-9,254,"March 13, 1991",13,Texas
CLE,24-25,thorjt01,JT Thor,False,15,PF,6-9,203,"August 26, 2002",3,Auburn
CLE,24-25,tomlina01,Nae'Qwan Tomlin,False,30,PF,6-8,210,"December 10, 2000",R,"Monroe Community College,Chipola College,Kansas State,Memphis"
CLE,24-25,travelu01,Luke Travers,False,33,SG,6-6,207,"September 3, 2001",R,
CLE,24-25,tysonja01,Jaylon Tyson,False,24,SG,6-6,215,"December 2, 2002",R,"Texas,Texas Tech,California"
CLE,24-25,wadede01,Dean Wade,False,32,PF,6-9,228,"November 20, 1996",5,Kansas State
DAL,24-25,brownmo01,Moses Brown,False,9,C,7-2,258,"October 13, 1999",5,UCLA
DAL,24-25,chrisma02,Max Christie,False,00,SG,6-5,190,"February 10, 2003",2,Michigan State
DAL,24-25,davisan02,Anthony Davis,False,3,PF,6-10,253,"March 11, 1993",12,Kentucky
DAL,24-25,dinwisp01,Spencer Dinwiddie,False,26,PG,6-5,215,"April 6, 1993",10,Colorado
DAL,24-25,doncilu01,Luka Dončić,False,77,PG,6-8,230,"February 28, 1999",6,
DAL,24-25,edwarke02,Kessler Edwards,False,20,SF,6-8,203,"August 9, 2000",3,Pepperdine
DAL,24-25,exumda01,Danté Exum,False,0,PG,6-5,214,"July 13, 1995",7,
DAL,24-25,gaffoda01,Daniel Gafford,False,21,C,6-10,265,"October 1, 1998",5,Arkansas
DAL,24-25,gortmja01,Jazian Gortman,False,00,PG,6-2,184,"April 14, 2003",R,
DAL,24-25,grimequ01,Quentin Grimes,False,5,SG,6-4,210,"May 8, 2000",3,"Kansas,Houston"
DAL,24-25,hardyja02,Jaden Hardy,False,1,SG,6-3,198,"July 5, 2002",2,
DAL,24-25,irvinky01,Kyrie Irving,False,11,SG,6-2,195,"March 23, 1992",13,Duke
DAL,24-25,joneska01,Kai Jones,False,23,C,6-11,221,"January 19, 2001",2,Texas
DAL,24-25,kelleky01,Kylor Kelley,False,50,C,7-0,215,"August 26, 1997",R,Oregon State
DAL,24-25,klebima01,Maxi Kleber,False,42,PF,6-10,240,"January 29, 1992",7,
DAL,24-25,livelde01,Dereck Lively II,False,2,C,7-1,230,"February 12, 2004",1,Duke
DAL,24-25,marshna01,Naji Marshall,False,13,SF,6-6,220,"January 24, 1998",4,Xavier
DAL,24-25,martica02,Caleb Martin,False,16,SF,6-5,205,"September 28, 1995",5,"NC State,Nevada"
DAL,24-25,morrima02,Markieff Morris,False,88,PF,6-9,245,"September 2, 1989",13,Kansas
DAL,24-25,poweldw01,Dwight Powell,False,7,C,6-10,240,"July 20, 1991",10,Stanford
DAL,24-25,prospol01,Olivier-Maxence Prosper,False,8,PF,6-7,230,"July 3, 2002",1,"Clemson,Marquette"
DAL,24-25,thompkl01,Klay Thompson,False,31,SF,6-5,220,"February 8, 1990",11,Washington State
DAL,24-25,washipj01,P.J. Washington,False,25,PF,6-7,230,"August 23, 1998",5,Kentucky
DAL,24-25,willibr03,Brandon Williams,False,10,PG,6-1,190,"November 22, 1999",2,Arizona
DEN,24-25,alexatr01,Trey Alexander,False,23,SG,6-5,185,"May 2, 2003",R,Creighton
DEN,24-25,braunch01,Christian Braun,False,0,SG,6-6,220,"April 17, 2001",2,Kansas
DEN,24-25,cancavl01,Vlatko Čančar,False,31,PF,6-8,236,"April 10, 1997",4,
DEN,24-25,gordoaa01,Aaron Gordon,False,32,PF,6-8,235,"September 16, 1995",10,Arizona
DEN,24-25,hallpj01,PJ Hall,False,13,C,6-8,245,"February 21, 2002",R,Clemson
DEN,24-25,jokicni01,Nikola Jokić,False,15,C,6-11,284,"February 19, 1995",9,
DEN,24-25,jonessp01,Spencer Jones,False,21,SF,6-7,225,"June 14, 2001",R,Stanford
DEN,24-25,jordade01,DeAndre Jordan,False,6,C,6-11,265,"July 21, 1988",16,Texas A&M
DEN,24-25,murraja01,Jamal Murray,False,27,PG,6-4,215,"February 23, 1997",7,Kentucky
DEN,24-25,nnajize01,Zeke Nnaji,False,22,PF,6-10,240,"January 9, 2001",4,Arizona
DEN,24-25,pickeja02,Jalen Pickett,False,24,SG,6-2,202,"October 22, 1999",1,"Siena College,Penn State"
DEN,24-25,portemi01,Michael Porter Jr.,False,1,SF,6-10,218,"June 29, 1998",5,Missouri
DEN,24-25,saricda01,Dario Šarić,False,9,C,6-10,225,"April 8, 1994",7,
DEN,24-25,strawju01,Julian Strawther,False,3,SG,6-6,205,"April 18, 2002",1,Gonzaga
DEN,24-25,tysonhu01,Hunter Tyson,False,5,PF,6-8,215,"June 13, 2000",1,Clemson
DEN,24-25,watsope01,Peyton Watson,False,8,SF,6-8,200,"September 11, 2002",2,UCLA
DEN,24-25,westbru01,Russell Westbrook,False,4,PG,6-4,200,"November 12, 1988",16,UCLA
DET,24-25,beaslma01,Malik Beasley,False,5,SG,6-4,187,"November 26, 1996",8,Florida State
DET,24-25,cunnica01,Cade Cunningham,False,2,PG,6-6,220,"September 25, 2001",3,Oklahoma State
DET,24-25,durenja01,Jalen Duren,False,0,C,6-10,250,"November 18, 2003",2,Memphis
DET,24-25,fontesi01,Simone Fontecchio,False,19,SF,6-7,209,"December 9, 1995",2,
DET,24-25,hardati02,Tim Hardaway Jr.,False,8,SG,6-5,205,"March 16, 1992",11,Michigan
DET,24-25,harpero02,Ron Harper Jr.,False,13,SF,6-5,233,"April 12, 2000",2,Rutgers University
DET,24-25,harrito02,Tobias Harris,False,12,PF,6-8,226,"July 15, 1992",13,Tennessee
DET,24-25,hollaro01,Ron Holland,False,00,SF,6-8,206,"July 7, 2005",R,
DET,24-25,iveyja01,Jaden Ivey,False,23,SG,6-3,195,"February 13, 2002",2,Purdue
DET,24-25,jenkida01,Daniss Jenkins,False,24,PG,6-4,165,"August 17, 2001",R,"University of the Pacific,Odessa College,Iona College,St. John's"
DET,24-25,klintbo01,Bobi Klintman,False,34,SF,6-9,225,"March 6, 2003",R,Wake Forest
DET,24-25,moorewe01,Wendell Moore Jr.,False,14,SG,6-5,215,"September 18, 2001",2,Duke
DET,24-25,reedpa01,Paul Reed,False,7,C,6-9,210,"June 14, 1999",4,DePaul
DET,24-25,sassema01,Marcus Sasser,False,25,PG,6-1,195,"September 21, 2000",1,Houston
DET,24-25,schrode01,Dennis Schröder,False,17,PG,6-1,175,"September 15, 1993",11,
DET,24-25,smithto05,Tolu Smith,False,35,PF,6-11,254,"July 26, 2000",R,"Western Kentucky,Mississippi State"
DET,24-25,stewais01,Isaiah Stewart,False,28,C,6-8,250,"May 22, 2001",4,Washington
DET,24-25,swideco01,Cole Swider,False,13,SF,6-10,220,"May 8, 1999",2,"Villanova,Syracuse"
DET,24-25,thompau01,Ausar Thompson,False,9,SF,6-7,205,"January 30, 2003",1,
DET,24-25,waterli01,Lindy Waters III,False,43,SG,6-5,210,"July 28, 1997",3,Oklahoma State
DET,24-25,willial06,Alondes Williams,False,31,SG,6-4,210,"June 19, 1999",2,"Triton College,Oklahoma,Wake Forest"
GSW,24-25,anderky01,Kyle Anderson,False,1,PF,6-8,230,"September 20, 1993",10,UCLA
GSW,24-25,beekmre01,Reece Beekman,False,3,PG,6-3,190,"October 8, 2001",R,Virginia
GSW,24-25,butleji01,Jimmy Butler,False,10,SF,6-6,230,"September 14, 1989",13,"Tyler Junior College,Marquette"
GSW,24-25,colliyu01,Yuri Collins,False,99,PG,6-0,190,"March 7, 2001",R,Saint Louis
GSW,24-25,curryst01,Stephen Curry,False,30,PG,6-2,185,"March 14, 1988",15,Davidson
GSW,24-25,greendr01,Draymond Green,False,23,PF,6-6,230,"March 4, 1990",12,Michigan State
GSW,24-25,hieldbu01,Buddy Hield,False,7,SG,6-4,220,"December 17, 1992",8,Oklahoma
GSW,24-25,jackstr02,Trayce Jackson-Davis,False,32,C,6-9,245,"February 22, 2000",1,Indiana
GSW,24-25,keybr01,Braxton Key,False,12,SF,6-7,225,"February 14, 1997",3,"Alabama,Virginia"
GSW,24-25,knoxke01,Kevin Knox,False,31,SF,6-8,215,"August 11, 1999",6,Kentucky
GSW,24-25,kuminjo01,Jonathan Kuminga,False,00,PF,6-7,225,"October 6, 2002",3,
GSW,24-25,looneke01,Kevon Looney,False,5,C,6-9,222,"February 6, 1996",9,UCLA
GSW,24-25,meltode01,De'Anthony Melton,False,8,SG,6-2,200,"May 28, 1998",6,USC
GSW,24-25,moodymo01,Moses Moody,False,4,SG,6-5,211,"May 31, 2002",3,Arkansas
GSW,24-25,paytoga02,Gary Payton II,False,0,SG,6-2,195,"December 1, 1992",8,Oregon State
GSW,24-25,podzibr01,Brandin Podziemski,False,2,SG,6-4,205,"February 25, 2003",1,"Illinois,Santa Clara"
GSW,24-25,postqu01,Quinten Post,False,21,PF,7-0,238,"March 21, 2000",R,"Mississippi State,Boston College"
GSW,24-25,roweja01,Jackson Rowe,False,44,PF,6-6,210,"January 4, 1997",R,Cal State Fullerton
GSW,24-25,santogu01,Gui Santos,False,15,PF,6-7,185,"June 22, 2002",1,
GSW,24-25,schrode01,Dennis Schröder,False,71,SG,6-1,175,"September 15, 1993",11,
GSW,24-25,spencpa01,Pat Spencer,False,61,PG,6-2,205,"July 4, 1996",1,"Loyola (MD),Northwestern"
GSW,24-25,waterli01,Lindy Waters III,False,43,SG,6-5,210,"July 28, 1997",3,Oklahoma State
GSW,24-25,wiggian01,Andrew Wiggins,False,22,SF,6-6,197,"February 23, 1995",10,Kansas
HOU,24-25,adamsst01,Steven Adams,False,12,C,6-11,265,"July 20, 1993",10,Pitt
HOU,24-25,brookdi01,Dillon Brooks,False,9,SF,6-7,225,"January 22, 1996",7,Oregon
HOU,24-25,nfalyda01,N'Faly Dante,False,3,C,6-11,230,"October 19, 2001",R,Oregon
HOU,24-25,easonta01,Tari Eason,False,17,PF,6-8,215,"May 10, 2001",2,"Cincinnati,LSU"
HOU,24-25,greenja05,Jalen Green,False,4,SG,6-4,186,"February 9, 2002",3,
HOU,24-25,greenje02,Jeff Green,False,32,PF,6-8,235,"August 28, 1986",16,Georgetown
HOU,24-25,holidaa01,Aaron Holiday,False,0,PG,6-0,185,"September 30, 1996",6,UCLA
HOU,24-25,landajo01,Jock Landale,False,2,C,6-11,255,"October 25, 1995",3,Saint Mary's
HOU,24-25,mcveija01,Jack McVeigh,False,58,PF,6-8,215,"June 27, 1996",R,Nebraska
HOU,24-25,roddyda01,David Roddy,False,21,PF,6-5,255,"March 27, 2001",2,Colorado State
HOU,24-25,sengual01,Alperen Şengün,False,28,C,6-11,243,"July 25, 2002",3,
HOU,24-25,sheppre01,Reed Sheppard,False,15,PG,6-2,185,"June 24, 2004",R,Kentucky
HOU,24-25,smithja05,Jabari Smith Jr.,False,10,PF,6-11,220,"May 13, 2003",2,Auburn
HOU,24-25,tateja01,Jae'Sean Tate,False,8,SF,6-4,230,"October 28, 1995",4,Ohio State
HOU,24-25,thompam01,Amen Thompson,False,1,SF,6-7,200,"January 30, 2003",1,
HOU,24-25,vanvlfr01,Fred VanVleet,False,5,PG,6-0,197,"February 25, 1994",8,Wichita State
HOU,24-25,whitmca01,Cam Whitmore,False,7,SF,6-6,230,"July 8, 2004",1,Villanova
HOU,24-25,willije02,Nate Williams,False,19,SG,6-5,205,"February 12, 1999",2,Buffalo
IND,24-25,bradlto01,Tony Bradley,False,13,C,6-10,248,"January 8, 1998",6,UNC
IND,24-25,brownmo01,Moses Brown,False,3,C,7-2,258,"October 13, 1999",5,UCLA
IND,24-25,bryanth01,Thomas Bryant,False,3,C,6-9,248,"July 31, 1997",7,Indiana
IND,24-25,dennira01,RayJ Dennis,False,10,PG,6-1,180,"March 30, 2001",R,"Boise State,Toledo,Baylor"
IND,24-25,freemen01,Enrique Freeman,False,8,PF,6-9,220,"July 29, 2000",R,University of Akron
IND,24-25,furphjo01,Johnny Furphy,False,12,SG,6-8,200,"December 8, 2004",R,Kansas
IND,24-25,halibty01,Tyrese Haliburton,False,0,PG,6-5,185,"February 29, 2000",4,Iowa State
IND,24-25,jacksis01,Isaiah Jackson,False,22,C,6-8,205,"January 10, 2002",3,Kentucky
IND,24-25,jacksqu01,Quenton Jackson,False,29,PG,6-4,173,"September 15, 1998",2,Texas A&M
IND,24-25,johnsja01,James Johnson,False,16,PF,6-7,240,"February 20, 1987",15,Wake Forest
IND,24-25,mathube01,Bennedict Mathurin,False,00,SF,6-5,210,"June 19, 2002",2,Arizona
IND,24-25,mccontj01,T.J. McConnell,False,9,PG,6-1,190,"March 25, 1992",9,"Duquesne,Arizona"
IND,24-25,nembhan01,Andrew Nembhard,False,2,SG,6-4,191,"January 16, 2000",2,"Florida,Gonzaga"
IND,24-25,nesmiaa01,Aaron Nesmith,False,23,SF,6-5,215,"October 16, 1999",4,Vanderbilt
IND,24-25,newtotr01,Tristen Newton,False,4,SG,6-5,190,"April 26, 2001",R,"East Carolina University,UConn"
IND,24-25,okafoja01,Jahlil Okafor,False,15,C,6-10,270,"December 15, 1995",6,Duke
IND,24-25,sheppbe01,Ben Sheppard,False,26,SG,6-6,190,"July 16, 2001",1,Belmont
IND,24-25,siakapa01,Pascal Siakam,False,43,PF,6-8,245,"April 2, 1994",8,New Mexico State
IND,24-25,toppiob01,Obi Toppin,False,1,PF,6-9,220,"March 4, 1998",4,Dayton
IND,24-25,turnemy01,Myles Turner,False,33,C,6-11,250,"March 24, 1996",9,Texas
IND,24-25,walkeja02,Jarace Walker,False,5,PF,6-7,235,"September 4, 2003",1,Houston
IND,24-25,wisemja01,James Wiseman,False,13,C,6-11,240,"March 31, 2001",3,Memphis
LAC,24-25,baldwpa01,Patrick Baldwin Jr.,False,23,SF,7-0,220,"November 18, 2002",2,UW-Milwaukee
LAC,24-25,bambamo01,Mo Bamba,False,4,C,7-0,231,"May 12, 1998",6,Texas
LAC,24-25,batumni01,Nicolas Batum,False,33,PF,6-7,230,"December 14, 1988",16,
LAC,24-25,beaucma01,MarJon Beauchamp,False,0,SF,6-7,199,"October 12, 2000",2,Yakima Valley Community College
LAC,24-25,bogdabo01,Bogdan Bogdanović,False,10,SG,6-5,225,"August 18, 1992",7,
LAC,24-25,brownko01,Kobe Brown,False,21,PF,6-7,250,"January 1, 2000",1,Missouri
LAC,24-25,chrisca02,Cam Christie,False,12,SG,6-5,190,"July 24, 2005",R,Minnesota
LAC,24-25,coffeam01,Amir Coffey,False,7,SG,6-7,210,"June 17, 1997",5,Minnesota
LAC,24-25,dunnkr01,Kris Dunn,False,8,PG,6-3,205,"March 18, 1994",8,Providence
LAC,24-25,eubandr01,Drew Eubanks,False,15,C,6-10,245,"February 1, 1997",6,Oregon State
LAC,24-25,flowetr01,Trentyn Flowers,False,9,SF,6-9,185,"March 8, 2005",R,
LAC,24-25,hardeja01,James Harden,False,1,PG,6-5,220,"August 26, 1989",15,Arizona State
LAC,24-25,hylanbo01,Bones Hyland,False,5,PG,6-2,169,"September 14, 2000",3,VCU
LAC,24-25,jonesde02,Derrick Jones Jr.,False,55,SF,6-6,210,"February 15, 1997",8,UNLV
LAC,24-25,joneska01,Kai Jones,False,23,C,6-11,221,"January 19, 2001",2,Texas
LAC,24-25,leonaka01,Kawhi Leonard,False,2,SF,6-6,225,"June 29, 1991",12,San Diego State
LAC,24-25,mannte01,Terance Mann,False,14,SG,6-6,215,"October 18, 1996",5,Florida State
LAC,24-25,millejo02,Jordan Miller,False,11,SF,6-5,194,"January 23, 2000",1,"George Mason,Miami (FL)"
LAC,24-25,millspa02,Patty Mills,False,88,PG,6-2,180,"August 11, 1988",15,Saint Mary's
LAC,24-25,porteke02,Kevin Porter Jr.,False,77,SG,6-5,203,"May 4, 2000",4,USC
LAC,24-25,powelno01,Norman Powell,False,24,SG,6-3,215,"May 25, 1993",9,UCLA
LAC,24-25,simmobe01,Ben Simmons,False,25,PG,6-10,240,"July 20, 1996",6,LSU
LAC,24-25,zubaciv01,Ivica Zubac,False,40,C,7-0,240,"March 18, 1997",8,
LAL,24-25,chrisma02,Max Christie,False,12,SG,6-5,190,"February 10, 2003",2,Michigan State
LAL,24-25,davisan02,Anthony Davis,False,3,C,6-10,253,"March 11, 1993",12,Kentucky
LAL,24-25,doncilu01,Luka Dončić,False,77,PG,6-8,230,"February 28, 1999",6,
LAL,24-25,finnedo01,Dorian Finney-Smith,False,17,PF,6-7,220,"May 4, 1993",8,Florida
LAL,24-25,goodwjo01,Jordan Goodwin,False,30,PG,6-3,215,"October 23, 1998",3,Saint Louis
LAL,24-25,hachiru01,Rui Hachimura,False,28,PF,6-8,230,"February 8, 1998",5,Gonzaga
LAL,24-25,hayesja02,Jaxson Hayes,False,11,C,7-0,220,"May 23, 2000",5,Texas
LAL,24-25,hoodsja01,Jalen Hood-Schifino,False,0,SG,6-5,210,"June 19, 2003",1,Indiana
LAL,24-25,jamesbr02,Bronny James,False,9,SG,6-2,210,"October 6, 2004",R,USC
LAL,24-25,jamesle01,LeBron James,False,23,SF,6-9,250,"December 30, 1984",21,
LAL,24-25,jemistr01,Trey Jemison,False,55,C,6-10,270,"November 28, 1999",1,"Clemson,UAB"
LAL,24-25,klebima01,Maxi Kleber,False,14,PF,6-10,240,"January 29, 1992",7,
LAL,24-25,knechda01,Dalton Knecht,False,4,SF,6-6,215,"April 19, 2001",R,"Northeastern Junior College,University of Northern Colorado,Tennessee"
LAL,24-25,kolokch01,Christian Koloko,False,10,C,6-11,225,"June 20, 2000",1,Arizona
LAL,24-25,lenal01,Alex Len,False,27,C,7-0,250,"June 16, 1993",11,Maryland
LAL,24-25,lewisma05,Maxwell Lewis,False,20,SF,6-7,215,"July 27, 2002",1,Pepperdine
LAL,24-25,miltosh01,Shake Milton,False,20,SG,6-5,205,"September 26, 1996",6,SMU
LAL,24-25,morrima02,Markieff Morris,False,88,PF,6-9,245,"September 2, 1989",13,Kansas
LAL,24-25,olivaqu01,Quincy Olivari,False,41,PG,6-2,201,"May 27, 2001",R,"Rice University,Xavier"
LAL,24-25,reaveau01,Austin Reaves,False,15,SG,6-5,197,"May 29, 1998",3,"Wichita State,Oklahoma"
LAL,24-25,reddica01,Cam Reddish,False,5,SF,6-7,230,"September 1, 1999",5,Duke
LAL,24-25,russeda01,D'Angelo Russell,False,1,PG,6-3,193,"February 23, 1996",9,Ohio State
LAL,24-25,armeltr01,Armel Traoré,False,94,SF,6-9,246,"January 23, 2003",R,
LAL,24-25,vandeja01,Jarred Vanderbilt,False,2,PF,6-8,214,"April 3, 1999",6,Kentucky
LAL,24-25,vincega01,Gabe Vincent,False,7,PG,6-2,200,"June 14, 1996",5,UC Santa Barbara
MEM,24-25,aldamsa01,Santi Aldama,False,7,PF,7-0,215,"January 10, 2001",3,Loyola (MD)
MEM,24-25,baglema01,Marvin Bagley III,False,35,PF,6-10,235,"March 14, 1999",6,Duke
MEM,24-25,banede01,Desmond Bane,False,22,SG,6-6,215,"June 25, 1998",4,TCU
MEM,24-25,castlco01,Colin Castleton,False,8,C,6-10,250,"May 25, 2000",1,"Michigan,Florida"
MEM,24-25,clarkbr01,Brandon Clarke,False,15,PF,6-8,215,"September 19, 1996",5,"San Jose State,Gonzaga"
MEM,24-25,edeyza01,Zach Edey,False,14,C,7-3,305,"May 14, 2002",R,Purdue
MEM,24-25,huffja01,Jay Huff,False,30,C,7-1,240,"August 25, 1998",3,Virginia
MEM,24-25,jacksgg01,GG Jackson II,False,45,PF,6-9,210,"December 17, 2004",1,South Carolina
MEM,24-25,jacksja02,Jaren Jackson Jr.,False,13,C,6-10,242,"September 15, 1999",6,Michigan State
MEM,24-25,kawamyu01,Yuki Kawamura,False,17,PG,5-7,159,"May 2, 2001",R,
MEM,24-25,kennalu01,Luke Kennard,False,10,SG,6-5,206,"June 24, 1996",7,Duke
MEM,24-25,konchjo01,John Konchar,False,46,SG,6-5,210,"March 22, 1996",5,Purdue-Fort Wayne
MEM,24-25,laravja01,Jake LaRavia,False,3,PF,6-7,235,"November 3, 2001",2,"Indiana State University,Wake Forest"
MEM,24-25,moranja01,Ja Morant,False,12,PG,6-2,174,"August 10, 1999",5,Murray State
MEM,24-25,pippesc02,Scotty Pippen Jr.,False,1,PG,6-2,170,"November 10, 2000",2,Vanderbilt
MEM,24-25,pullizy01,Zyon Pullin,False,2,SG,6-4,206,"March 3, 2001",R,"University of California, Riverside,Florida"
MEM,24-25,smartma01,Marcus Smart,False,36,PG,6-3,220,"March 6, 1994",10,Oklahoma State
MEM,24-25,spencca01,Cam Spencer,False,24,SG,6-3,205,"April 6, 2000",R,"Loyola (MD),Rutgers University,UConn"
MEM,24-25,stevela01,Lamar Stevens,False,8,PF,6-7,230,"July 9, 1997",4,Penn State
MEM,24-25,wellsja01,Jaylen Wells,False,0,SG,6-7,206,"August 26, 2003",R,"Sonoma State University,Washington State"
MEM,24-25,willivi01,Vince Williams Jr.,False,5,SG,6-4,205,"August 30, 2000",2,VCU
MIA,24-25,adebaba01,Bam Adebayo,False,13,C,6-9,255,"July 18, 1997",7,Kentucky
MIA,24-25,anderky01,Kyle Anderson,False,20,SF,6-8,230,"September 20, 1993",10,UCLA
MIA,24-25,bryanth01,Thomas Bryant,False,31,C,6-9,248,"July 31, 1997",7,Indiana
MIA,24-25,burksal01,Alec Burks,False,18,SG,6-5,214,"July 20, 1991",13,Colorado
MIA,24-25,butleji01,Jimmy Butler,False,22,PF,6-6,230,"September 14, 1989",13,"Tyler Junior College,Marquette"
MIA,24-25,chrisjo01,Josh Christopher,False,8,SG,6-4,215,"December 8, 2001",2,Arizona State
MIA,24-25,herroty01,Tyler Herro,False,14,SG,6-5,195,"January 20, 2000",5,Kentucky
MIA,24-25,highsha01,Haywood Highsmith,False,24,SF,6-5,220,"December 9, 1996",4,Wheeling University
MIA,24-25,jaqueja01,Jaime Jaquez Jr.,False,11,SF,6-6,225,"February 18, 2001",1,UCLA
MIA,24-25,johnske10,Keshad Johnson,False,16,SF,6-6,225,"June 23, 2001",R,"San Diego State,Arizona"
MIA,24-25,jovicni01,Nikola Jović,False,5,PF,6-10,205,"June 9, 2003",2,
MIA,24-25,larsspe01,Pelle Larsson,False,9,SG,6-5,215,"February 23, 2001",R,"Utah,Arizona"
MIA,24-25,loveke01,Kevin Love,False,42,PF,6-10,251,"September 7, 1988",16,UCLA
MIA,24-25,mitchda01,Davion Mitchell,False,45,PG,6-0,202,"September 5, 1998",3,"Auburn,Baylor"
MIA,24-25,richajo01,Josh Richardson,False,0,SG,6-5,200,"September 15, 1993",9,Tennessee
MIA,24-25,robindu01,Duncan Robinson,False,55,SF,6-7,215,"April 22, 1994",6,"Williams,Michigan"
MIA,24-25,roziete01,Terry Rozier,False,2,PG,6-1,190,"March 17, 1994",9,Louisville
MIA,24-25,smithdr01,Dru Smith,False,12,SG,6-2,203,"December 30, 1997",2,"University of Evansville,Missouri"
MIA,24-25,steveis01,Isaiah Stevens,False,4,PG,5-11,185,"November 1, 2000",R,Colorado State
MIA,24-25,wareke01,Kel'el Ware,False,7,C,7-0,230,"April 20, 2004",R,"Oregon,Indiana"
MIA,24-25,wiggian01,Andrew Wiggins,False,22,SF,6-6,197,"February 23, 1995",10,Kansas
MIL,24-25,antetgi01,Giannis Antetokounmpo,False,34,PF,6-11,243,"December 6, 1994",11,
MIL,24-25,beaucma01,MarJon Beauchamp,False,3,SF,6-7,199,"October 12, 2000",2,Yakima Valley Community College
MIL,24-25,bouyeja01,Jamaree Bouyea,False,15,PG,6-2,180,"June 27, 1999",2,San Francisco
MIL,24-25,connapa01,Pat Connaughton,False,24,SG,6-5,209,"January 6, 1993",9,Notre Dame
MIL,24-25,greenaj01,A.J. Green,False,20,SG,6-4,190,"September 27, 1999",2,University of Northern Iowa
MIL,24-25,jacksan01,Andre Jackson Jr.,False,44,SG,6-6,209,"November 13, 2001",1,UConn
MIL,24-25,johnsaj01,AJ Johnson,False,77,SG,6-5,160,"December 1, 2004",R,
MIL,24-25,kuzmaky01,Kyle Kuzma,False,18,PF,6-8,221,"July 24, 1995",7,Utah
MIL,24-25,lillada01,Damian Lillard,False,0,PG,6-2,200,"July 15, 1990",12,Weber State
MIL,24-25,livinch01,Chris Livingston,False,7,SF,6-6,220,"October 15, 2003",1,Kentucky
MIL,24-25,lopezbr01,Brook Lopez,False,11,C,7-1,282,"April 1, 1988",16,Stanford
MIL,24-25,middlkh01,Khris Middleton,False,22,SF,6-7,222,"August 12, 1991",12,Texas A&M
MIL,24-25,nancepe01,Pete Nance,False,35,PF,6-9,225,"February 19, 2000",1,"Northwestern,UNC"
MIL,24-25,porteke02,Kevin Porter Jr.,False,3,SG,6-5,203,"May 4, 2000",4,USC
MIL,24-25,portibo01,Bobby Portis,False,9,PF,6-9,250,"February 10, 1995",9,Arkansas
MIL,24-25,princta02,Taurean Prince,False,12,SF,6-6,218,"March 22, 1994",8,Baylor
MIL,24-25,robbili01,Liam Robbins,False,15,C,7-0,250,"July 12, 1999",R,"Drake University,Minnesota,Vanderbilt"
MIL,24-25,rolliry01,Ryan Rollins,False,13,PG,6-3,180,"July 3, 2002",2,Toledo
MIL,24-25,simsje01,Jericho Sims,False,00,C,6-10,250,"October 20, 1998",3,Texas
MIL,24-25,smithty02,Tyler Smith,False,21,PF,6-9,224,"November 2, 2004",R,
MIL,24-25,trentga02,Gary Trent Jr.,False,5,SG,6-5,204,"January 18, 1999",6,Duke
MIL,24-25,umudest01,Stanley Umude,False,17,SG,6-6,210,"April 12, 1999",2,"South Dakota,Arkansas"
MIL,24-25,wrighde01,Delon Wright,False,55,PG,6-4,185,"April 26, 1992",9,Utah
MIN,24-25,alexani01,Nickeil Alexander-Walker,False,9,SG,6-5,205,"September 2, 1998",5,Virginia Tech
MIN,24-25,clarkja02,Jaylen Clark,False,22,SG,6-5,205,"October 13, 2001",R,UCLA
MIN,24-25,conlemi01,Mike Conley,False,10,PG,6-1,175,"October 11, 1987",17,Ohio State
MIN,24-25,dilliro01,Rob Dillingham,False,4,PG,6-2,175,"January 4, 2005",R,Kentucky
MIN,24-25,divindo01,Donte DiVincenzo,False,0,SG,6-4,203,"January 31, 1997",6,Villanova
MIN,24-25,doziepj01,PJ Dozier,False,35,SG,6-6,212,"October 25, 1996",6,South Carolina
MIN,24-25,edwaran01,Anthony Edwards,False,5,SG,6-4,225,"August 5, 2001",4,Georgia
MIN,24-25,edwarje01,Jesse Edwards,False,14,C,7-0,236,"March 18, 2000",R,"West Virginia,Syracuse"
MIN,24-25,garzalu01,Luka Garza,False,55,C,6-10,243,"December 27, 1998",3,Iowa
MIN,24-25,goberru01,Rudy Gobert,False,27,C,7-1,258,"June 26, 1992",11,
MIN,24-25,hylanbo01,Bones Hyland,False,77,PG,6-2,169,"September 14, 2000",3,VCU
MIN,24-25,inglejo01,Joe Ingles,False,7,SF,6-8,220,"October 2, 1987",10,
MIN,24-25,mcdanja02,Jaden McDaniels,False,3,PF,6-9,185,"September 29, 2000",4,Washington
MIN,24-25,millele01,Leonard Miller,False,33,SF,6-10,220,"November 26, 2003",1,
MIN,24-25,minotjo01,Josh Minott,False,8,SF,6-8,205,"November 25, 2002",2,Memphis
MIN,24-25,newtotr01,Tristen Newton,False,13,SG,6-5,190,"April 26, 2001",R,"East Carolina University,UConn"
MIN,24-25,nixda01,Daishen Nix,False,1,PG,6-3,226,"February 13, 2002",3,
MIN,24-25,randlju01,Julius Randle,False,30,PF,6-9,250,"November 29, 1994",10,Kentucky
MIN,24-25,reidna01,Naz Reid,False,11,C,6-9,264,"August 26, 1999",5,LSU
MIN,24-25,shannte01,Terrence Shannon Jr.,False,00,SG,6-6,215,"July 30, 2000",R,"Texas Tech,Illinois"
NOP,24-25,alvarjo01,Jose Alvarado,False,15,PG,6-0,179,"April 12, 1998",3,Georgia Tech
NOP,24-25,bambamo01,Mo Bamba,False,4,C,7-0,231,"May 12, 1998",6,Texas
NOP,24-25,bostobr01,Brandon Boston Jr.,False,11,SG,6-6,188,"November 28, 2001",3,Kentucky
NOP,24-25,brookke02,Keion Brooks Jr.,False,0,SF,6-7,210,"August 7, 2000",R,"Kentucky,Washington"
NOP,24-25,brownbr01,Bruce Brown,False,00,PG,6-4,202,"August 15, 1996",6,Miami (FL)
NOP,24-25,cainja01,Jamal Cain,False,8,SF,6-7,191,"March 20, 1999",2,"Marquette,Oakland"
NOP,24-25,greenja02,Javonte Green,False,4,SG,6-5,205,"July 23, 1993",5,Radford
NOP,24-25,hawkijo01,Jordan Hawkins,False,24,SG,6-5,190,"April 29, 2002",1,UConn
NOP,24-25,ingrabr01,Brandon Ingram,False,14,SF,6-8,190,"September 2, 1997",8,Duke
NOP,24-25,jemistr01,Trey Jemison,False,55,C,6-10,270,"November 28, 1999",1,"Clemson,UAB"
NOP,24-25,joneshe01,Herbert Jones,False,2,SF,6-7,206,"October 6, 1998",3,Alabama
NOP,24-25,kelleky01,Kylor Kelley,False,35,C,7-0,215,"August 26, 1997",R,Oregon State
NOP,24-25,matkoka01,Karlo Matković,False,17,PF,6-10,231,"March 30, 2001",R,
NOP,24-25,mccolcj01,CJ McCollum,False,3,PG,6-3,190,"September 19, 1991",11,Lehigh
NOP,24-25,missiyv01,Yves Missi,False,21,C,6-11,235,"May 14, 2004",R,Baylor
NOP,24-25,murphtr02,Trey Murphy III,False,25,SF,6-8,206,"June 18, 2000",3,"Rice University,Virginia"
NOP,24-25,murrade01,Dejounte Murray,False,5,PG,6-4,180,"September 19, 1996",7,Washington
NOP,24-25,nowelja01,Jaylen Nowell,False,20,SG,6-4,201,"July 9, 1999",5,Washington
NOP,24-25,olynyke01,Kelly Olynyk,False,13,C,7-0,240,"April 19, 1991",11,Gonzaga
NOP,24-25,paytoel01,Elfrid Payton,False,"4, 22",PG,6-3,195,"February 22, 1994",8,Louisiana
NOP,24-25,quinole01,Lester Quiñones,False,22,SG,6-5,208,"November 16, 2000",2,Memphis
NOP,24-25,reevean01,Antonio Reeves,False,12,SG,6-5,205,"November 20, 2000",R,"Illinois State,Kentucky"
NOP,24-25,robinje02,Jeremiah Robinson-Earl,False,50,PF,6-9,240,"November 3, 2000",3,Villanova
NOP,24-25,theisda01,Daniel Theis,False,10,C,6-8,245,"April 4, 1992",7,
NOP,24-25,willizi01,Zion Williamson,False,1,PF,6-6,284,"July 6, 2000",4,Duke
NYK,24-25,achiupr01,Precious Achiuwa,False,5,C,6-8,243,"September 19, 1999",4,Memphis
NYK,24-25,anunoog01,OG Anunoby,False,8,PF,6-7,240,"July 17, 1997",7,Indiana
NYK,24-25,beaucma01,MarJon Beauchamp,False,14,SF,6-7,199,"October 12, 2000",2,Yakima Valley Community College
NYK,24-25,bridgmi01,Mikal Bridges,False,25,SF,6-6,209,"August 30, 1996",6,Villanova
NYK,24-25,brunsja01,Jalen Brunson,False,11,PG,6-2,190,"August 31, 1996",6,Villanova
NYK,24-25,dadiepa01,Pacôme Dadiet,False,4,SG,6-9,210,"July 27, 2005",R,
NYK,24-25,hartjo01,Josh Hart,False,3,SG,6-5,215,"March 6, 1995",7,Villanova
NYK,24-25,hukpoar01,Ariel Hukporti,False,55,C,7-0,246,"April 12, 2002",R,
NYK,24-25,kolekty01,Tyler Kolek,False,13,PG,6-2,195,"March 27, 2001",R,"George Mason,Marquette"
NYK,24-25,mcbrimi01,Miles McBride,False,2,SG,6-2,195,"September 8, 2000",3,West Virginia
NYK,24-25,mcculke01,Kevin McCullar Jr.,False,9,SF,6-6,210,"March 15, 2001",R,"Texas Tech,Kansas"
NYK,24-25,payneca01,Cameron Payne,False,1,PG,6-2,183,"August 8, 1994",9,Murray State
NYK,24-25,robinmi01,Mitchell Robinson,False,23,C,7-0,240,"April 1, 1998",6,Western Kentucky
NYK,24-25,ryanma01,Matt Ryan,False,37,SF,6-6,215,"April 17, 1997",3,"Notre Dame,Vanderbilt,Chattanooga"
NYK,24-25,shamela01,Landry Shamet,False,44,SG,6-5,190,"March 13, 1997",6,Wichita State
NYK,24-25,simsje01,Jericho Sims,False,20,C,6-10,250,"October 20, 1998",3,Texas
NYK,24-25,toppija01,Jacob Toppin,False,00,SF,6-9,200,"May 8, 2000",1,"Rhode Island,Kentucky"
NYK,24-25,townska01,Karl-Anthony Towns,False,32,C,7-0,248,"November 15, 1995",9,Kentucky
NYK,24-25,tuckepj01,P.J. Tucker,False,17,SF,6-5,245,"May 5, 1985",13,Texas
NYK,24-25,watsoan02,Anton Watson,False,21,SF,6-8,225,"October 6, 2000",R,Gonzaga
NYK,24-25,wrighde01,Delon Wright,False,0,PG,6-4,185,"April 26, 1992",9,Utah
OKC,24-25,carlsbr01,Branden Carlson,False,15,C,7-0,220,"June 14, 1999",R,Utah
OKC,24-25,carusal01,Alex Caruso,False,9,SG,6-5,186,"February 28, 1994",7,Texas A&M
OKC,24-25,diengou01,Ousmane Dieng,False,13,C,6-9,185,"May 21, 2003",2,
OKC,24-25,dortlu01,Luguentz Dort,False,5,SF,6-4,220,"April 19, 1999",5,Arizona State
OKC,24-25,ducasal01,Alex Ducas,False,88,SG,6-7,220,"December 11, 2000",R,Saint Mary's
OKC,24-25,flaglad01,Adam Flagler,False,14,SG,6-1,180,"December 1, 1999",1,"Presbyterian College,Baylor"
OKC,24-25,gilgesh01,Shai Gilgeous-Alexander,False,2,PG,6-6,195,"July 12, 1998",6,Kentucky
OKC,24-25,harteis01,Isaiah Hartenstein,False,55,C,7-0,250,"May 5, 1998",6,
OKC,24-25,holmgch01,Chet Holmgren,False,7,C,7-1,208,"May 1, 2002",1,Gonzaga
OKC,24-25,joeis01,Isaiah Joe,False,11,SG,6-4,165,"July 2, 1999",4,Arkansas
OKC,24-25,jonesdi01,Dillon Jones,False,3,SF,6-5,235,"October 29, 2001",R,Weber State
OKC,24-25,leonsma01,Malevy Leons,False,17,SF,6-9,210,"September 23, 1999",R,"Mineral Area College,Bradley"
OKC,24-25,mitchaj01,Ajay Mitchell,False,25,SG,6-4,190,"June 25, 2002",R,UC Santa Barbara
OKC,24-25,reeseal01,Alex Reese,False,15,PF,6-9,245,"May 21, 1999",R,Alabama
OKC,24-25,wallaca01,Cason Wallace,False,22,SG,6-3,195,"November 7, 2003",1,Kentucky
OKC,24-25,wiggiaa01,Aaron Wiggins,False,21,SG,6-5,190,"January 2, 1999",3,Maryland
OKC,24-25,willija06,Jalen Williams,False,8,SG,6-5,211,"April 14, 2001",2,Santa Clara
OKC,24-25,willija07,Jaylin Williams,False,6,PF,6-9,240,"June 29, 2002",2,Arkansas
OKC,24-25,willike04,Kenrich Williams,False,34,PF,6-7,210,"December 2, 1994",6,TCU
ORL,24-25,anthoco01,Cole Anthony,False,50,PG,6-2,185,"May 15, 2000",4,UNC
ORL,24-25,banchpa01,Paolo Banchero,False,5,PF,6-10,250,"November 12, 2002",2,Duke
ORL,24-25,bitadgo01,Goga Bitadze,False,35,C,6-11,250,"July 20, 1999",5,
ORL,24-25,blackan01,Anthony Black,False,0,PG,6-7,200,"January 20, 2004",1,Arkansas
ORL,24-25,caldwke01,Kentavious Caldwell-Pope,False,3,SG,6-5,204,"February 18, 1993",11,Georgia
ORL,24-25,cartewe01,Wendell Carter Jr.,False,34,C,6-10,270,"April 16, 1999",6,Duke
ORL,24-25,dasiltr01,Tristan Da Silva,False,23,SF,6-8,217,"May 15, 2001",R,Colorado
ORL,24-25,harriga01,Gary Harris,False,14,SG,6-4,210,"September 14, 1994",10,Michigan State
ORL,24-25,houstca01,Caleb Houstan,False,2,SF,6-8,205,"January 9, 2003",2,Michigan
ORL,24-25,howarje01,Jett Howard,False,13,SF,6-8,215,"September 14, 2003",1,Michigan
ORL,24-25,isaacjo01,Jonathan Isaac,False,1,PF,6-10,230,"October 3, 1997",5,Florida State
ORL,24-25,josepco01,Cory Joseph,False,10,PG,6-2,200,"August 20, 1991",13,Texas
ORL,24-25,mccluma01,Mac McClung,False,8,SG,6-2,185,"January 6, 1999",2,"Georgetown,Texas Tech"
ORL,24-25,queentr01,Trevelin Queen,False,12,SG,6-5,190,"February 25, 1997",3,"College of Marin,New Mexico Military Institute,New Mexico State"
ORL,24-25,suggsja01,Jalen Suggs,False,4,PG,6-5,205,"June 3, 2001",3,Gonzaga
ORL,24-25,wagnefr01,Franz Wagner,False,22,SF,6-10,220,"August 27, 2001",3,Michigan
ORL,24-25,wagnemo01,Moritz Wagner,False,21,C,6-11,245,"April 26, 1997",6,Michigan
PHI,24-25,baglema02,Marcus Bagley,False,35,SF,6-8,215,"October 23, 2001",R,Arizona State
PHI,24-25,bonaad01,Adem Bona,False,30,C,6-10,235,"March 28, 2003",R,UCLA
PHI,24-25,brissos01,Oshae Brissett,False,22,SF,6-7,210,"June 20, 1998",5,Syracuse
PHI,24-25,butleja02,Jared Butler,False,12,SG,6-3,193,"August 25, 2000",3,Baylor
PHI,24-25,castlco01,Colin Castleton,False,18,C,6-10,250,"May 25, 2000",1,"Michigan,Florida"
PHI,24-25,councri01,Ricky Council IV,False,14,SF,6-6,207,"August 3, 2001",1,"Wichita State,Arkansas"
PHI,24-25,dowtije01,Jeff Dowtin Jr.,False,11,PG,6-3,177,"May 10, 1997",3,Rhode Island
PHI,24-25,drumman01,Andre Drummond,False,"1, 5",C,6-11,279,"August 10, 1993",12,UConn
PHI,24-25,edwarju01,Justin Edwards,False,19,SF,6-7,203,"December 16, 2003",R,Kentucky
PHI,24-25,embiijo01,Joel Embiid,False,21,C,7-0,280,"March 16, 1994",8,Kansas
PHI,24-25,georgpa01,Paul George,False,8,PF,6-8,220,"May 2, 1990",14,Fresno State
PHI,24-25,gordoer01,Eric Gordon,False,23,SG,6-3,215,"December 25, 1988",16,Indiana
PHI,24-25,grimequ01,Quentin Grimes,False,5,SG,6-4,210,"May 8, 2000",3,"Kansas,Houston"
PHI,24-25,hoodsja01,Jalen Hood-Schifino,False,17,SG,6-5,210,"June 19, 2003",1,Indiana
PHI,24-25,jacksre01,Reggie Jackson,False,00,PG,6-2,208,"April 16, 1990",13,Boston College
PHI,24-25,lowryky01,Kyle Lowry,False,7,PG,6-0,196,"March 25, 1986",18,Villanova
PHI,24-25,martica02,Caleb Martin,False,16,SF,6-5,205,"September 28, 1995",5,"NC State,Nevada"
PHI,24-25,martike04,KJ Martin,False,1,PF,6-6,215,"January 6, 2001",4,
PHI,24-25,maxeyty01,Tyrese Maxey,False,0,PG,6-2,200,"November 4, 2000",4,Kentucky
PHI,24-25,mccaija01,Jared McCain,False,20,SG,6-3,195,"February 20, 2004",R,Duke
PHI,24-25,mobleis01,Isaiah Mobley,False,25,PF,6-8,238,"September 24, 1999",2,USC
PHI,24-25,nancepe01,Pete Nance,False,22,C,6-9,225,"February 19, 2000",1,"Northwestern,UNC"
PHI,24-25,okekech01,Chuma Okeke,False,18,PF,6-7,229,"August 18, 1998",4,Auburn
PHI,24-25,oubreke01,Kelly Oubre Jr.,False,9,SF,6-8,203,"December 9, 1995",9,Kansas
PHI,24-25,quinole01,Lester Quiñones,False,25,SG,6-5,208,"November 16, 2000",2,Memphis
PHI,24-25,reeseal01,Alex Reese,False,65,PF,6-9,245,"May 21, 1999",R,Alabama
PHI,24-25,roddyda01,David Roddy,False,45,PF,6-5,255,"March 27, 2001",2,Colorado State
PHI,24-25,walkelo01,Lonnie Walker IV,False,16,SG,6-4,204,"December 14, 1998",6,Miami (FL)
PHI,24-25,wheelph02,Phillip Wheeler,False,36,PF,6-8,185,"April 23, 2002",R,
PHI,24-25,yabusgu01,Guerschon Yabusele,False,28,C,6-7,265,"December 17, 1995",2,
PHO,24-25,allengr01,Grayson Allen,False,8,SG,6-3,198,"October 8, 1995",6,Duke
PHO,24-25,bealbr01,Bradley Beal,False,3,SG,6-4,207,"June 28, 1993",12,Florida
PHO,24-25,bolbo01,Bol Bol,False,11,PF,7-3,220,"November 16, 1999",5,Oregon
PHO,24-25,bookede01,Devin Booker,False,1,SG,6-5,206,"October 30, 1996",9,Kentucky
PHO,24-25,bridgja01,Jalen Bridges,False,15,SF,6-7,225,"May 14, 2001",R,"West Virginia,Baylor"
PHO,24-25,dunnry01,Ryan Dunn,False,0,SF,6-7,216,"January 7, 2003",R,Virginia
PHO,24-25,duranke01,Kevin Durant,False,35,PF,6-11,240,"September 29, 1988",16,Texas
PHO,24-25,gilleco01,Collin Gillespie,False,12,PG,6-1,195,"June 25, 1999",1,Villanova
PHO,24-25,ighodos01,Oso Ighodaro,False,4,PF,6-11,235,"July 14, 2002",R,Marquette
PHO,24-25,jonesty01,Tyus Jones,False,21,PG,6-0,196,"May 10, 1996",9,Duke
PHO,24-25,leeda03,Damion Lee,False,10,SG,6-6,210,"October 21, 1992",6,"Drexel,Louisville"
PHO,24-25,martico01,Cody Martin,False,17,SF,6-6,205,"September 28, 1995",5,"NC State,Nevada"
PHO,24-25,micicva01,Vasilije Micić,False,18,PG,6-3,188,"January 13, 1994",1,
PHO,24-25,morrimo01,Monte Morris,False,23,PG,6-2,183,"June 27, 1995",7,Iowa State
PHO,24-25,nurkiju01,Jusuf Nurkić,False,20,C,6-11,290,"August 23, 1994",10,
PHO,24-25,onealro01,Royce O'Neale,False,00,SF,6-6,226,"June 5, 1993",7,"Denver,Baylor"
PHO,24-25,okogijo01,Josh Okogie,False,2,SG,6-4,213,"September 1, 1998",6,Georgia Tech
PHO,24-25,plumlma01,Mason Plumlee,False,22,C,7-0,254,"March 5, 1990",11,Duke
PHO,24-25,richani01,Nick Richards,False,2,C,6-11,245,"November 29, 1997",4,Kentucky
PHO,24-25,washity02,TyTy Washington Jr.,False,14,PG,6-3,195,"November 15, 2001",2,Kentucky
POR,24-25,avdijde01,Deni Avdija,False,8,SF,6-8,228,"January 3, 2001",4,
POR,24-25,aytonde01,Deandre Ayton,False,2,C,7-0,252,"July 23, 1998",6,Arizona
POR,24-25,bantoda01,Dalano Banton,False,5,PG,6-8,203,"November 7, 1999",3,Nebraska
POR,24-25,camarto01,Toumani Camara,False,33,PF,6-7,230,"May 8, 2000",1,"Georgia,Dayton"
POR,24-25,cissosi01,Sidy Cissoko,False,91,SF,6-6,220,"April 2, 2004",1,
POR,24-25,clingdo01,Donovan Clingan,False,23,C,7-2,280,"February 23, 2004",R,UConn
POR,24-25,grantje01,Jerami Grant,False,9,PF,6-7,213,"March 12, 1994",10,Syracuse
POR,24-25,hendesc01,Scoot Henderson,False,00,PG,6-3,207,"February 3, 2004",1,
POR,24-25,mcgowbr01,Bryce McGowens,False,11,SG,6-6,190,"November 8, 2002",2,Nebraska
POR,24-25,minayju01,Justin Minaya,False,10,SF,6-5,205,"March 26, 1999",2,"South Carolina,Providence"
POR,24-25,mooreta02,Taze Moore,False,76,SG,6-5,195,"June 29, 1998",1,"Cal State-Bakersfield,Houston"
POR,24-25,murrakr01,Kris Murray,False,24,SF,6-8,218,"August 19, 2000",1,Iowa
POR,24-25,reathdu01,Duop Reath,False,26,C,6-9,245,"June 26, 1996",1,"Lee College,LSU"
POR,24-25,ruperra01,Rayan Rupert,False,21,SG,6-7,205,"May 31, 2004",1,
POR,24-25,sharpsh01,Shaedon Sharpe,False,17,SG,6-5,210,"May 30, 2003",2,Kentucky
POR,24-25,simonan01,Anfernee Simons,False,1,SG,6-3,200,"June 8, 1999",6,
POR,24-25,thybuma01,Matisse Thybulle,False,4,SG,6-5,202,"March 4, 1997",5,Washington
POR,24-25,walkeja01,Jabari Walker,False,34,PF,6-7,237,"July 30, 2002",2,Colorado
POR,24-25,williro04,Robert Williams,False,35,C,6-9,249,"October 17, 1997",6,Texas A&M
SAC,24-25,cartede02,Devin Carter,False,22,PG,6-2,195,"March 18, 2002",R,"South Carolina,Providence"
SAC,24-25,crawfis01,Isaiah Crawford,False,24,SF,6-6,220,"November 1, 2001",R,Louisiana Tech
SAC,24-25,crowdja01,Jae Crowder,False,99,PF,6-6,235,"July 6, 1990",12,Marquette
SAC,24-25,daviste02,Terence Davis,False,9,SG,6-4,201,"May 16, 1997",4,Ole Miss
SAC,24-25,derozde01,DeMar DeRozan,False,10,SF,6-6,220,"August 7, 1989",15,USC
SAC,24-25,elliske01,Keon Ellis,False,23,SG,6-4,175,"January 8, 2000",2,"Florida SouthWestern State College,Alabama"
SAC,24-25,foxde01,De'Aaron Fox,False,5,PG,6-3,185,"December 20, 1997",7,Kentucky
SAC,24-25,fultzma01,Markelle Fultz,False,20,PG,6-4,209,"May 29, 1998",7,Washington
SAC,24-25,huertke01,Kevin Huerter,False,9,SG,6-6,198,"August 27, 1998",6,Maryland
SAC,24-25,jonesco02,Colby Jones,False,20,SG,6-6,207,"May 28, 2002",1,Xavier
SAC,24-25,jonesis01,Isaac Jones,False,"3, 17",PF,6-8,245,"July 11, 2000",R,"Wenatchee Valley College,Idaho,Washington State"
SAC,24-25,jonesma05,Mason Jones,False,15,SG,6-4,200,"July 21, 1998",3,"Connors State College,Arkansas"
SAC,24-25,labissk01,Skal Labissière,False,25,PF,6-10,235,"March 18, 1996",4,Kentucky
SAC,24-25,laravja01,Jake LaRavia,False,33,PF,6-7,235,"November 3, 2001",2,"Indiana State University,Wake Forest"
SAC,24-25,lavinza01,Zach LaVine,False,8,SG,6-5,200,"March 10, 1995",10,UCLA
SAC,24-25,lenal01,Alex Len,False,25,C,7-0,250,"June 16, 1993",11,Maryland
SAC,24-25,lylestr01,Trey Lyles,False,41,PF,6-9,234,"November 5, 1995",9,Kentucky
SAC,24-25,mcderdo01,Doug McDermott,False,7,SF,6-7,225,"January 3, 1992",10,Creighton
SAC,24-25,mclaujo01,Jordan McLaughlin,False,3,PG,5-11,185,"April 9, 1996",5,USC
SAC,24-25,monkma01,Malik Monk,False,0,SG,6-3,200,"February 4, 1998",7,Kentucky
SAC,24-25,murrake02,Keegan Murray,False,13,PF,6-8,225,"August 19, 2000",2,Iowa
SAC,24-25,robinor01,Orlando Robinson,False,77,C,6-10,235,"July 10, 2000",2,Fresno State
SAC,24-25,sabondo01,Domantas Sabonis,False,11,C,6-10,240,"May 3, 1996",8,Gonzaga
SAC,24-25,taylote01,Terry Taylor,False,32,PF,6-5,230,"September 23, 1999",3,Austin Peay State University
SAC,24-25,valanjo01,Jonas Valančiūnas,False,17,C,6-11,265,"May 6, 1992",12,
SAS,24-25,barneha02,Harrison Barnes,False,40,PF,6-7,225,"May 30, 1992",12,UNC
SAS,24-25,bassech01,Charles Bassey,False,28,C,6-10,230,"October 28, 2000",3,Western Kentucky
SAS,24-25,biyombi01,Bismack Biyombo,False,18,C,6-8,255,"August 28, 1992",13,
SAS,24-25,branhma01,Malaki Branham,False,22,SG,6-4,180,"May 12, 2003",2,Ohio State
SAS,24-25,castlst01,Stephon Castle,False,5,SG,6-6,215,"November 1, 2004",R,UConn
SAS,24-25,champju02,Julian Champagnie,False,30,SF,6-7,217,"June 29, 2001",2,St. John's
SAS,24-25,cissosi01,Sidy Cissoko,False,25,SF,6-6,220,"April 2, 2004",1,
SAS,24-25,colliza01,Zach Collins,False,23,C,6-9,250,"November 19, 1997",6,Gonzaga
SAS,24-25,dukeda01,David Duke Jr.,False,7,SG,6-4,204,"October 13, 1999",3,Providence
SAS,24-25,foxde01,De'Aaron Fox,False,4,PG,6-3,185,"December 20, 1997",7,Kentucky
SAS,24-25,ingraha01,Harrison Ingram,False,55,SF,6-5,230,"November 27, 2002",R,"Stanford,UNC"
SAS,24-25,johnske04,Keldon Johnson,False,0,SF,6-6,220,"October 11, 1999",5,Kentucky
SAS,24-25,jonestr01,Tre Jones,False,33,PG,6-1,185,"January 8, 2000",4,Duke
SAS,24-25,mamuksa01,Sandro Mamukelashvili,False,54,PF,6-9,240,"May 23, 1999",3,Seton Hall
SAS,24-25,mclaujo01,Jordan McLaughlin,False,11,PG,5-11,185,"April 9, 1996",5,USC
SAS,24-25,minixri01,Riley Minix,False,27,SF,6-7,230,"September 22, 2000",R,"Southeastern University,Morehead State University"
SAS,24-25,paulch01,Chris Paul,False,3,PG,6-0,175,"May 6, 1985",19,Wake Forest
SAS,24-25,sochaje01,Jeremy Sochan,False,10,PF,6-8,230,"May 20, 2003",2,Baylor
SAS,24-25,vassede01,Devin Vassell,False,24,SG,6-5,200,"August 23, 2000",4,Florida State
SAS,24-25,wembavi01,Victor Wembanyama,False,1,C,7-4,235,"January 4, 2004",1,
SAS,24-25,weslebl01,Blake Wesley,False,14,SG,6-4,190,"March 16, 2003",2,Notre Dame
TOR,24-25,agbajoc01,Ochai Agbaji,False,30,SG,6-5,215,"April 20, 2000",2,Kansas
TOR,24-25,barnesc01,Scottie Barnes,False,4,PF,6-8,237,"August 1, 2001",3,Florida State
TOR,24-25,barrerj01,RJ Barrett,False,9,SF,6-6,214,"June 14, 2000",5,Duke
TOR,24-25,battlja01,Jamison Battle,False,77,SF,6-7,220,"May 10, 2001",R,"George Washington,Minnesota,Ohio State"
TOR,24-25,bouchch01,Chris Boucher,False,25,PF,6-8,200,"January 11, 1993",7,"New Mexico Junior College,Northwest College,Oregon"
TOR,24-25,brownbr01,Bruce Brown,False,11,PG,6-4,202,"August 15, 1996",6,Miami (FL)
TOR,24-25,cartodj01,D.J. Carton,False,3,SG,6-2,200,"August 5, 2000",1,"Ohio State,Marquette"
TOR,24-25,castlco01,Colin Castleton,False,11,C,6-10,250,"May 25, 2000",1,"Michigan,Florida"
TOR,24-25,chomcul01,Ulrich Chomche,False,22,PF,6-11,235,"December 30, 2005",R,
TOR,24-25,dickgr01,Gradey Dick,False,1,SG,6-7,200,"November 20, 2003",1,Kansas
TOR,24-25,fernabr01,Bruno Fernando,False,24,C,6-9,240,"August 15, 1998",5,Maryland
TOR,24-25,lawsoaj01,A.J. Lawson,False,0,SG,6-6,179,"July 15, 2000",2,South Carolina
TOR,24-25,mitchda01,Davion Mitchell,False,45,PG,6-0,202,"September 5, 1998",3,"Auburn,Baylor"
TOR,24-25,mogbojo01,Jonathan Mogbo,False,2,PF,6-9,225,"October 29, 2001",R,"Missouri State,San Francisco"
TOR,24-25,olynyke01,Kelly Olynyk,False,41,C,7-0,240,"April 19, 1991",11,Gonzaga
TOR,24-25,poeltja01,Jakob Poeltl,False,19,C,7-0,253,"October 15, 1995",8,Utah
TOR,24-25,quickim01,Immanuel Quickley,False,5,PG,6-2,190,"June 17, 1999",4,Kentucky
TOR,24-25,rhodeja01,Jared Rhoden,False,8,SG,6-5,210,"August 27, 1999",2,Seton Hall
TOR,24-25,robinor01,Orlando Robinson,False,21,C,6-10,235,"July 10, 2000",2,Fresno State
TOR,24-25,sheadja01,Jamal Shead,False,23,PG,6-1,200,"June 24, 2002",R,Houston
TOR,24-25,swideco01,Cole Swider,False,12,SF,6-10,220,"May 8, 1999",2,"Villanova,Syracuse"
TOR,24-25,templga01,Garrett Temple,False,17,SG,6-5,195,"May 8, 1986",14,LSU
TOR,24-25,walteja01,Ja'Kobe Walter,False,14,SG,6-4,180,"September 4, 2004",R,Baylor
UTA,24-25,clarkjo01,Jordan Clarkson,False,00,SG,6-5,194,"June 7, 1992",10,"Tulsa,Missouri"
UTA,24-25,colliis01,Isaiah Collier,False,13,PG,6-4,210,"October 8, 2004",R,USC
UTA,24-25,collijo01,John Collins,False,20,PF,6-9,226,"September 23, 1997",7,Wake Forest
UTA,24-25,eubandr01,Drew Eubanks,False,15,C,6-10,245,"February 1, 1997",6,Oregon State
UTA,24-25,filipky01,Kyle Filipowski,False,22,C,6-11,250,"November 7, 2003",R,Duke
UTA,24-25,georgke01,Keyonte George,False,3,PG,6-4,185,"November 8, 2003",1,Baylor
UTA,24-25,harklej01,Elijah Harkless,False,16,SG,6-3,195,"February 3, 2000",R,"Cal State Northridge,Oklahoma,UNLV"
UTA,24-25,hendrta01,Taylor Hendricks,False,0,PF,6-9,215,"November 22, 2003",1,Central Florida
UTA,24-25,juzanjo01,Johnny Juzang,False,33,SG,6-7,226,"March 17, 2001",2,"Kentucky,UCLA"
UTA,24-25,kesslwa01,Walker Kessler,False,24,C,7-2,245,"July 26, 2001",2,"UNC,Auburn"
UTA,24-25,markkla01,Lauri Markkanen,False,23,PF,7-1,240,"May 22, 1997",7,Arizona
UTA,24-25,martike04,KJ Martin,False,99,SF,6-6,215,"January 6, 2001",4,
UTA,24-25,millspa02,Patty Mills,False,8,PG,6-2,180,"August 11, 1988",15,Saint Mary's
UTA,24-25,mykhasv01,Svi Mykhailiuk,False,19,SF,6-7,205,"June 10, 1997",6,Kansas
UTA,24-25,pottemi01,Micah Potter,False,25,C,6-9,248,"April 6, 1998",3,"Ohio State,Wisconsin"
UTA,24-25,sensabr01,Brice Sensabaugh,False,28,SF,6-6,235,"October 30, 2003",1,Ohio State
UTA,24-25,sextoco01,Collin Sexton,False,2,SG,6-3,190,"January 4, 1999",6,Alabama
UTA,24-25,sprinja01,Jaden Springer,False,11,PG,6-4,202,"September 25, 2002",3,Tennessee
UTA,24-25,tshieos01,Oscar Tshiebwe,False,34,C,6-8,255,"November 27, 1999",1,"West Virginia,Kentucky"
UTA,24-25,willico04,Cody Williams,False,5,SG,6-8,190,"November 20, 2004",R,Colorado
WAS,24-25,baglema01,Marvin Bagley III,False,35,C,6-10,235,"March 14, 1999",6,Duke
WAS,24-25,baldwpa01,Patrick Baldwin Jr.,False,7,SF,7-0,220,"November 18, 2002",2,UW-Milwaukee
WAS,24-25,brogdma01,Malcolm Brogdon,False,15,PG,6-4,229,"December 11, 1992",8,Virginia
WAS,24-25,butleja02,Jared Butler,False,4,PG,6-3,193,"August 25, 2000",3,Baylor
WAS,24-25,carrica01,Bub Carrington,False,8,PG,6-4,190,"July 21, 2005",R,Pitt
WAS,24-25,champju01,Justin Champagnie,False,9,SF,6-6,206,"June 29, 2001",3,Pitt
WAS,24-25,coulibi01,Bilal Coulibaly,False,0,SF,6-7,195,"July 26, 2004",1,
WAS,24-25,davisjo06,Johnny Davis,False,1,SG,6-4,195,"February 27, 2002",2,Wisconsin
WAS,24-25,georgky01,Kyshawn George,False,18,SG,6-8,200,"December 12, 2003",R,Miami (FL)
WAS,24-25,gillan01,Anthony Gill,False,16,PF,6-7,230,"October 17, 1992",4,"South Carolina,Virginia"
WAS,24-25,holmeri01,Richaun Holmes,False,22,PF,6-9,235,"October 15, 1993",9,Bowling Green
WAS,24-25,johnsaj01,AJ Johnson,False,5,SG,6-5,160,"December 1, 2004",R,
WAS,24-25,jonesco02,Colby Jones,False,1,SG,6-6,207,"May 28, 2002",1,Xavier
WAS,24-25,kispeco01,Corey Kispert,False,24,SF,6-6,224,"March 3, 1999",3,Gonzaga
WAS,24-25,kuzmaky01,Kyle Kuzma,False,33,PF,6-8,221,"July 24, 1995",7,Utah
WAS,24-25,martija02,Jaylen Martin,False,4,SF,6-6,216,"January 28, 2004",R,
WAS,24-25,mcdanja01,Jalen McDaniels,False,26,SF,6-9,205,"January 31, 1998",5,San Diego State
WAS,24-25,middlkh01,Khris Middleton,False,32,SF,6-7,222,"August 12, 1991",12,Texas A&M
WAS,24-25,poolejo01,Jordan Poole,False,13,SG,6-4,194,"June 19, 1999",5,Michigan
WAS,24-25,sarral01,Alex Sarr,False,20,C,7-0,205,"April 26, 2005",R,
WAS,24-25,smartma01,Marcus Smart,False,36,PG,6-3,220,"March 6, 1994",10,Oklahoma State
WAS,24-25,thorjt01,JT Thor,False,21,PF,6-9,203,"August 26, 2002",3,Auburn
WAS,24-25,valanjo01,Jonas Valančiūnas,False,17,C,6-11,265,"May 6, 1992",12,
WAS,24-25,vukcetr01,Tristan Vukcevic,False,00,C,7-0,220,"March 11, 2003",1,
ATL,25-26,alexani01,Nickeil Alexander-Walker,False,7,SG,6-5,205,"September 2, 1998",6,Virginia Tech
ATL,25-26,bradlto01,Tony Bradley,False,13,C,6-10,248,"January 8, 1998",7,UNC
ATL,25-26,daniedy01,Dyson Daniels,False,5,SG,6-7,199,"March 17, 2003",3,
ATL,25-26,nfalyda01,N'Faly Dante,False,12,C,6-11,230,"October 19, 2001",1,Oregon
ATL,25-26,dennira01,RayJ Dennis,False,"00, 0",PG,6-1,180,"March 30, 2001",1,"Boise State,Toledo,Baylor"
ATL,25-26,gilbeke01,Keshon Gilbert,False,51,SG,6-4,200,"June 30, 2003",R,"UNLV,Iowa State"
ATL,25-26,gueyemo02,Mouhamed Gueye,False,18,PF,6-11,210,"November 9, 2002",2,Washington State
ATL,25-26,hieldbu01,Buddy Hield,False,8,SG,6-4,220,"December 17, 1992",9,Oklahoma
ATL,25-26,houstca01,Caleb Houstan,False,33,SF,6-8,205,"January 9, 2003",3,Michigan
ATL,25-26,johnsja05,Jalen Johnson,False,1,SF,6-8,219,"December 18, 2001",4,Duke
ATL,25-26,kennalu01,Luke Kennard,False,"3, 4",SG,6-5,206,"June 24, 1996",8,Duke
ATL,25-26,kispeco01,Corey Kispert,False,24,SF,6-6,224,"March 3, 1999",4,Gonzaga
ATL,25-26,kolokch01,Christian Koloko,False,35,C,6-11,225,"June 20, 2000",2,Arizona
ATL,25-26,krejcvi01,Vít Krejčí,False,27,PG,6-8,195,"June 19, 2000",4,
ATL,25-26,kuminjo01,Jonathan Kuminga,False,0,PF,6-7,225,"October 6, 2002",4,
ATL,25-26,landajo01,Jock Landale,False,31,C,6-11,255,"October 25, 1995",4,Saint Mary's
ATL,25-26,mccolcj01,CJ McCollum,False,3,PG,6-3,190,"September 19, 1991",12,Lehigh
ATL,25-26,newelas01,Asa Newell,False,14,PF,6-10,220,"October 5, 2005",R,Georgia
ATL,25-26,okongon01,Onyeka Okongwu,False,17,C,6-10,240,"December 11, 2000",5,USC
ATL,25-26,porzikr01,Kristaps Porziņģis,False,8,C,7-2,240,"August 2, 1995",9,
ATL,25-26,risacza01,Zaccharie Risacher,False,10,SF,6-8,200,"April 8, 2005",1,
ATL,25-26,toppija01,Jacob Toppin,False,0,SF,6-9,200,"May 8, 2000",2,"Rhode Island,Kentucky"
ATL,25-26,vincega01,Gabe Vincent,False,4,PG,6-2,200,"June 14, 1996",6,UC Santa Barbara
ATL,25-26,wallake01,Keaton Wallace,False,2,PG,6-3,185,"February 26, 1999",1,Texas-San Antonio
ATL,25-26,youngtr01,Trae Young,False,11,PG,6-2,164,"September 19, 1998",7,Oklahoma
BOS,25-26,bantoda01,Dalano Banton,False,45,PG,6-8,203,"November 7, 1999",4,Nebraska
BOS,25-26,bassech01,Charles Bassey,False,99,C,6-10,230,"October 28, 2000",4,Western Kentucky
BOS,25-26,bouchch01,Chris Boucher,False,99,PF,6-8,200,"January 11, 1993",8,"New Mexico Junior College,Northwest College,Oregon"
BOS,25-26,brownja02,Jaylen Brown,False,7,SF,6-6,223,"October 24, 1996",9,California
BOS,25-26,garzalu01,Luka Garza,False,52,C,6-10,243,"December 27, 1998",4,Iowa
BOS,25-26,gonzahu01,Hugo González,False,28,SF,6-6,200,"February 5, 2006",R,
BOS,25-26,harpero02,Ron Harper Jr.,False,13,SF,6-5,233,"April 12, 2000",3,Rutgers University
BOS,25-26,hausesa01,Sam Hauser,False,30,PF,6-7,217,"December 8, 1997",4,"Marquette,Virginia"
BOS,25-26,minotjo01,Josh Minott,False,8,PF,6-8,205,"November 25, 2002",3,Memphis
BOS,25-26,pritcpa01,Payton Pritchard,False,11,PG,6-1,195,"January 28, 1998",5,Oregon
BOS,25-26,quetane01,Neemias Queta,False,88,C,7-0,248,"July 13, 1999",4,Utah State University
BOS,25-26,scheiba01,Baylor Scheierman,False,55,SG,6-6,205,"September 26, 2000",1,"South Dakota State,Creighton"
BOS,25-26,shulgma01,Max Shulga,False,44,SG,6-4,210,"June 25, 2002",R,"Utah State University,VCU"
BOS,25-26,simonan01,Anfernee Simons,False,4,SG,6-3,200,"June 8, 1999",7,
BOS,25-26,tatumja01,Jayson Tatum,False,0,PF,6-8,210,"March 3, 1998",8,Duke
BOS,25-26,tillmxa01,Xavier Tillman Sr.,False,26,C,6-8,245,"January 12, 1999",5,Michigan State
BOS,25-26,tonjejo01,John Tonje,False,8,SG,6-4,218,"April 23, 2001",R,"Colorado State,Missouri,Wisconsin"
BOS,25-26,vucevni01,Nikola Vučević,False,4,C,6-9,260,"October 24, 1990",14,USC
BOS,25-26,walshjo01,Jordan Walsh,False,27,PF,6-6,205,"March 3, 2004",2,Arkansas
BOS,25-26,whitede01,Derrick White,False,9,SG,6-4,190,"July 2, 1994",8,"Colorado-Colorado Springs,Colorado"
BOS,25-26,william01,Amari Williams,False,77,PF,6-11,250,"January 28, 2002",R,"Drexel,Kentucky"
BRK,25-26,agbajoc01,Ochai Agbaji,False,30,SG,6-5,215,"April 20, 2000",3,Kansas
BRK,25-26,claxtni01,Nic Claxton,False,33,C,6-11,215,"April 17, 1999",6,Georgia
BRK,25-26,clownno01,Noah Clowney,False,21,PF,6-10,210,"July 14, 2004",2,Alabama
BRK,25-26,demineg01,Egor Dëmin,False,8,PG,6-8,200,"March 3, 2006",R,BYU
BRK,25-26,etienty01,Tyson Etienne,False,10,PG,6-0,200,"September 17, 1999",1,Wichita State
BRK,25-26,johnsch06,Chaney Johnson,False,31,SF,6-7,220,"June 20, 2002",R,Auburn
BRK,25-26,liddeej01,E.J. Liddell,False,9,PF,6-6,240,"December 18, 2000",2,Ohio State
BRK,25-26,mannte01,Terance Mann,False,14,SG,6-6,215,"October 18, 1996",6,Florida State
BRK,25-26,martity01,Tyrese Martin,False,13,SG,6-6,215,"March 7, 1999",2,"Rhode Island,UConn"
BRK,25-26,minotjo01,Josh Minott,False,00,SF,6-8,205,"November 25, 2002",3,Memphis
BRK,25-26,nelsogr02,Grant Nelson,False,16,PF,7-0,215,"March 18, 2002",R,"North Dakota State University,Alabama"
BRK,25-26,portemi01,Michael Porter Jr.,False,17,SF,6-10,218,"June 29, 1998",6,Missouri
BRK,25-26,poweldr01,Drake Powell,False,4,SG,6-5,195,"September 8, 2005",R,UNC
BRK,25-26,sarafbe01,Ben Saraf,False,77,SG,6-6,200,"April 14, 2006",R,
BRK,25-26,scotttr01,Tre Scott,False,13,PF,6-8,225,"November 25, 1996",1,Cincinnati
BRK,25-26,sharpda01,Day'Ron Sharpe,False,20,C,6-10,265,"November 6, 2001",4,UNC
BRK,25-26,smithma02,Malachi Smith,False,18,SG,6-4,205,"December 6, 1999",R,"Wright State University,Chattanooga,Gonzaga"
BRK,25-26,thomaca02,Cam Thomas,False,24,SG,6-3,210,"October 13, 2001",4,LSU
BRK,25-26,traorno01,Nolan Traoré,False,88,PG,6-3,185,"May 28, 2006",R,
BRK,25-26,willizi02,Ziaire Williams,False,1,SF,6-9,185,"September 12, 2001",4,Stanford
BRK,25-26,wilsoja03,Jalen Wilson,False,22,PF,6-6,220,"November 4, 2000",2,Kansas
BRK,25-26,wolfda01,Danny Wolf,False,2,PF,6-11,250,"May 5, 2004",R,"Yale,Michigan"
CHI,25-26,buzelma01,Matas Buzelis,False,14,PF,6-8,209,"October 13, 2004",1,
CHI,25-26,carteje01,Jevon Carter,False,5,PG,6-0,200,"September 14, 1995",7,West Virginia
CHI,25-26,colliza01,Zach Collins,False,12,C,6-9,250,"November 19, 1997",7,Gonzaga
CHI,25-26,dilliro01,Rob Dillingham,False,7,PG,6-2,175,"January 4, 2005",1,Kentucky
CHI,25-26,dosunay01,Ayo Dosunmu,False,11,SG,6-4,200,"January 17, 2000",4,Illinois
CHI,25-26,essenno01,Noa Essengue,False,24,PF,6-8,200,"December 18, 2006",R,
CHI,25-26,flowetr01,Trentyn Flowers,False,00,SF,6-9,185,"March 8, 2005",1,
CHI,25-26,giddejo01,Josh Giddey,False,3,PG,6-7,216,"October 10, 2002",4,
CHI,25-26,gueyemo01,Mouhamadou Gueye,False,16,PF,6-9,210,"July 6, 1998",1,"Monroe Community College,Stony Brook University,Pitt"
CHI,25-26,huertke01,Kevin Huerter,False,13,SF,6-6,198,"August 27, 1998",7,Maryland
CHI,25-26,iveyja01,Jaden Ivey,False,31,SG,6-3,195,"February 13, 2002",3,Purdue
CHI,25-26,jonestr01,Tre Jones,False,30,PG,6-1,185,"January 8, 2000",5,Duke
CHI,25-26,kawamyu01,Yuki Kawamura,False,8,PG,5-7,159,"May 2, 2001",1,
CHI,25-26,mccluma01,Mac McClung,False,5,SG,6-2,185,"January 6, 1999",3,"Georgetown,Texas Tech"
CHI,25-26,milleem01,Emanuel Miller,False,2,PF,6-5,215,"June 19, 2000",1,"Texas A&M,TCU"
CHI,25-26,millele01,Leonard Miller,False,11,SF,6-10,220,"November 26, 2003",2,
CHI,25-26,okorois01,Isaac Okoro,False,35,SG,6-4,225,"January 26, 2001",5,Auburn
CHI,25-26,olbrila01,Lachlan Olbrich,False,47,C,6-8,236,"December 30, 2003",R,"University of California, Riverside"
CHI,25-26,phillju01,Julian Phillips,False,15,SF,6-6,198,"November 5, 2003",2,Tennessee
CHI,25-26,richani01,Nick Richards,False,13,C,6-11,245,"November 29, 1997",5,Kentucky
CHI,25-26,sextoco01,Collin Sexton,False,2,SG,6-3,190,"January 4, 1999",7,Alabama
CHI,25-26,simonan01,Anfernee Simons,False,"2, 22",SG,6-3,200,"June 8, 1999",7,
CHI,25-26,smithja04,Jalen Smith,False,25,C,6-8,215,"March 16, 2000",5,Maryland
CHI,25-26,terryda01,Dalen Terry,False,7,SG,6-6,195,"July 12, 2002",3,Arizona
CHI,25-26,vucevni01,Nikola Vučević,False,9,C,6-9,260,"October 24, 1990",14,USC
CHI,25-26,whiteco01,Coby White,False,0,SG,6-4,195,"February 16, 2000",6,UNC
CHI,25-26,willipa01,Patrick Williams,False,44,PF,6-6,215,"August 26, 2001",5,Florida State
CHI,25-26,yabusgu01,Guerschon Yabusele,False,28,C,6-7,265,"December 17, 1995",3,
CHO,25-26,ballla01,LaMelo Ball,False,1,PG,6-7,180,"August 22, 2001",5,
CHO,25-26,bridgmi02,Miles Bridges,False,0,PF,6-7,225,"March 21, 1998",6,Michigan State
CHO,25-26,connapa01,Pat Connaughton,False,21,SG,6-5,209,"January 6, 1993",10,Notre Dame
CHO,25-26,diabamo01,Moussa Diabaté,False,14,C,6-10,210,"January 21, 2002",3,Michigan
CHO,25-26,greenjo02,Josh Green,False,10,SG,6-6,200,"November 16, 2000",5,Arizona
CHO,25-26,hallpj01,PJ Hall,False,16,C,6-8,245,"February 21, 2002",1,Clemson
CHO,25-26,jamessi01,Sion James,False,4,SG,6-5,220,"December 4, 2002",R,"Tulane,Duke"
CHO,25-26,kalkbry01,Ryan Kalkbrenner,False,11,C,7-1,256,"January 17, 2002",R,Creighton
CHO,25-26,knuepko01,Kon Knueppel,False,7,SF,6-6,215,"August 3, 2005",R,Duke
CHO,25-26,manntr01,Tre Mann,False,23,PG,6-4,178,"February 3, 2001",4,Florida
CHO,25-26,mcneeli01,Liam McNeeley,False,33,SF,6-7,210,"October 10, 2005",R,UConn
CHO,25-26,millebr02,Brandon Miller,False,24,SF,6-7,200,"November 22, 2002",2,Alabama
CHO,25-26,peterdr01,Drew Peterson,False,9,PF,6-8,205,"November 9, 1999",2,"Rice University,USC"
CHO,25-26,plumlma01,Mason Plumlee,False,22,C,7-0,254,"March 5, 1990",12,Duke
CHO,25-26,reevean01,Antonio Reeves,False,12,SG,6-5,205,"November 20, 2000",1,"Illinois State,Kentucky"
CHO,25-26,salauti01,Tidjane Salaün,False,31,PF,6-10,207,"August 10, 2005",1,
CHO,25-26,sextoco01,Collin Sexton,False,8,SG,6-3,190,"January 4, 1999",7,Alabama
CHO,25-26,simpskj01,KJ Simpson,False,25,PG,6-2,189,"August 8, 2002",1,Colorado
CHO,25-26,tillmxa01,Xavier Tillman Sr.,False,26,C,6-8,245,"January 12, 1999",5,Michigan State
CHO,25-26,whiteco01,Coby White,False,3,SG,6-4,195,"February 16, 2000",6,UNC
CHO,25-26,willigr01,Grant Williams,False,2,PF,6-7,236,"November 30, 1998",6,Tennessee
CLE,25-26,allenja01,Jarrett Allen,False,31,C,6-9,243,"April 21, 1998",8,Texas
CLE,25-26,balllo01,Lonzo Ball,False,2,PG,6-5,190,"October 27, 1997",6,UCLA
CLE,25-26,brownda04,Darius Brown II,False,30,SG,6-2,192,"July 28, 1999",R,"Cal State Northridge,Montana State,Utah State University"
CLE,25-26,bryanth01,Thomas Bryant,False,3,C,6-9,248,"July 31, 1997",8,Indiana
CLE,25-26,elliske01,Keon Ellis,False,14,SG,6-4,175,"January 8, 2000",3,"Florida SouthWestern State College,Alabama"
CLE,25-26,enarutr01,Tristan Enaruna,False,21,SF,6-7,220,"June 26, 2001",R,"Kansas,Iowa State,Cleveland State University"
CLE,25-26,garlada01,Darius Garland,False,10,PG,6-1,192,"January 26, 2000",6,Vanderbilt
CLE,25-26,hardeja01,James Harden,False,1,PG,6-5,220,"August 26, 1989",16,Arizona State
CLE,25-26,huntede01,De'Andre Hunter,False,12,SF,6-7,221,"December 2, 1997",6,Virginia
CLE,25-26,livinch01,Chris Livingston,False,8,SF,6-6,220,"October 15, 2003",2,Kentucky
CLE,25-26,merrisa01,Sam Merrill,False,5,SG,6-4,205,"May 15, 1996",5,Utah State University
CLE,25-26,minixri01,Riley Minix,False,12,SF,6-7,230,"September 22, 2000",1,"Southeastern University,Morehead State University"
CLE,25-26,mitchdo01,Donovan Mitchell,False,45,SG,6-2,215,"September 7, 1996",8,Louisville
CLE,25-26,mobleev01,Evan Mobley,False,4,PF,6-11,215,"June 18, 2001",4,USC
CLE,25-26,nancela02,Larry Nance Jr.,False,22,PF,6-6,245,"January 1, 1993",10,Wyoming
CLE,25-26,portecr01,Craig Porter Jr.,False,9,PG,6-1,180,"February 26, 2000",2,"Vincennes University,Wichita State"
CLE,25-26,proctty01,Tyrese Proctor,False,24,PG,6-4,185,"April 1, 2004",R,Duke
CLE,25-26,sarrol01,Olivier Sarr,False,33,C,6-10,240,"February 20, 1999",3,"Wake Forest,Kentucky"
CLE,25-26,schrode01,Dennis Schröder,False,8,PG,6-1,175,"September 15, 1993",12,
CLE,25-26,strusma01,Max Strus,False,2,SF,6-5,215,"March 28, 1996",6,"Lewis (IL),DePaul"
CLE,25-26,tomlina01,Nae'Qwan Tomlin,False,35,PF,6-8,210,"December 10, 2000",1,"Monroe Community College,Chipola College,Kansas State,Memphis"
CLE,25-26,travelu01,Luke Travers,False,33,SG,6-6,207,"September 3, 2001",1,
CLE,25-26,tysonja01,Jaylon Tyson,False,20,SG,6-6,215,"December 2, 2002",1,"Texas,Texas Tech,California"
CLE,25-26,wadede01,Dean Wade,False,32,PF,6-9,228,"November 20, 1996",6,Kansas State
DAL,25-26,baglema01,Marvin Bagley III,False,35,PF,6-10,235,"March 14, 1999",7,Duke
DAL,25-26,chrisma02,Max Christie,False,00,SG,6-5,190,"February 10, 2003",3,Michigan State
DAL,25-26,cissemo01,Moussa Cisse,False,30,C,6-11,220,"September 10, 2002",R,"Oklahoma State,Ole Miss,Memphis"
DAL,25-26,davisan02,Anthony Davis,False,3,PF,6-10,253,"March 11, 1993",13,Kentucky
DAL,25-26,flaggco01,Cooper Flagg,False,32,SF,6-9,205,"December 21, 2006",R,Duke
DAL,25-26,gaffoda01,Daniel Gafford,False,21,C,6-10,265,"October 1, 1998",6,Arkansas
DAL,25-26,hardyja02,Jaden Hardy,False,1,SG,6-3,198,"July 5, 2002",3,
DAL,25-26,johnsaj01,AJ Johnson,False,8,SG,6-5,160,"December 1, 2004",1,
DAL,25-26,jonesty01,Tyus Jones,False,1,PG,6-0,196,"May 10, 1996",10,Duke
DAL,25-26,kellymi02,Miles Kelly,False,14,PG,6-4,190,"January 26, 2003",R,"Georgia Tech,Auburn"
DAL,25-26,livelde01,Dereck Lively II,False,2,C,7-1,230,"February 12, 2004",2,Duke
DAL,25-26,marshna01,Naji Marshall,False,13,SF,6-6,220,"January 24, 1998",5,Xavier
DAL,25-26,martica02,Caleb Martin,False,16,SF,6-5,205,"September 28, 1995",6,"NC State,Nevada"
DAL,25-26,middlkh01,Khris Middleton,False,20,SF,6-7,222,"August 12, 1991",13,Texas A&M
DAL,25-26,nembhry01,Ryan Nembhard,False,9,PG,5-11,180,"March 10, 2003",R,"Creighton,Gonzaga"
DAL,25-26,poulajo01,John Poulakidas,False,1,SG,6-6,205,"April 4, 2003",R,Yale
DAL,25-26,poweldw01,Dwight Powell,False,7,C,6-10,240,"July 20, 1991",11,Stanford
DAL,25-26,robinje02,Jeremiah Robinson-Earl,False,23,PF,6-9,240,"November 3, 2000",4,Villanova
DAL,25-26,russeda01,D'Angelo Russell,False,5,PG,6-3,193,"February 23, 1996",10,Ohio State
DAL,25-26,smithty02,Tyler Smith,False,23,PF,6-9,224,"November 2, 2004",1,
DAL,25-26,thompkl01,Klay Thompson,False,31,SF,6-5,220,"February 8, 1990",12,Washington State
DAL,25-26,washipj01,P.J. Washington,False,25,PF,6-7,230,"August 23, 1998",6,Kentucky
DAL,25-26,willibr03,Brandon Williams,False,10,PG,6-1,190,"November 22, 1999",3,Arizona
DEN,25-26,braunch01,Christian Braun,False,0,SG,6-6,220,"April 17, 2001",3,Kansas
DEN,25-26,brownbr01,Bruce Brown,False,11,SG,6-4,202,"August 15, 1996",7,Miami (FL)
DEN,25-26,gordoaa01,Aaron Gordon,False,32,PF,6-8,235,"September 16, 1995",11,Arizona
DEN,25-26,hardati02,Tim Hardaway Jr.,False,10,SG,6-5,205,"March 16, 1992",12,Michigan
DEN,25-26,holmeda01,DaRon Holmes,False,14,PF,6-9,225,"August 15, 2002",R,Dayton
DEN,25-26,johnsca02,Cameron Johnson,False,23,SF,6-8,210,"March 3, 1996",6,"Pitt,UNC"
DEN,25-26,jokicni01,Nikola Jokić,False,15,C,6-11,284,"February 19, 1995",10,
DEN,25-26,jonescu01,Curtis Jones,False,1,SG,6-3,195,"December 4, 2001",R,"Indian Hills Community College,Buffalo,Iowa State"
DEN,25-26,jonessp01,Spencer Jones,False,21,SF,6-7,225,"June 14, 2001",1,Stanford
DEN,25-26,jonesty01,Tyus Jones,False,5,PG,6-0,196,"May 10, 1996",10,Duke
DEN,25-26,murraja01,Jamal Murray,False,27,PG,6-4,215,"February 23, 1997",8,Kentucky
DEN,25-26,nnajize01,Zeke Nnaji,False,22,PF,6-10,240,"January 9, 2001",5,Arizona
DEN,25-26,pickeja02,Jalen Pickett,False,24,SG,6-2,202,"October 22, 1999",2,"Siena College,Penn State"
DEN,25-26,roddyda01,David Roddy,False,45,PF,6-5,255,"March 27, 2001",3,Colorado State
DEN,25-26,simpskj01,KJ Simpson,False,25,PG,6-2,189,"August 8, 2002",1,Colorado
DEN,25-26,strawju01,Julian Strawther,False,3,SG,6-6,205,"April 18, 2002",2,Gonzaga
DEN,25-26,tysonhu01,Hunter Tyson,False,5,PF,6-8,215,"June 13, 2000",2,Clemson
DEN,25-26,valanjo01,Jonas Valančiūnas,False,17,C,6-11,265,"May 6, 1992",13,
DEN,25-26,watsope01,Peyton Watson,False,8,SF,6-8,200,"September 11, 2002",3,UCLA
DET,25-26,cunnica01,Cade Cunningham,False,2,PG,6-6,220,"September 25, 2001",4,Oklahoma State
DET,25-26,durenja01,Jalen Duren,False,0,C,6-10,250,"November 18, 2003",3,Memphis
DET,25-26,greenja02,Javonte Green,False,31,SG,6-5,205,"July 23, 1993",6,Radford
DET,25-26,harrito02,Tobias Harris,False,12,PF,6-8,226,"July 15, 1992",14,Tennessee
DET,25-26,hollaro01,Ron Holland,False,5,SF,6-8,206,"July 7, 2005",1,
DET,25-26,huertke01,Kevin Huerter,False,27,SG,6-6,198,"August 27, 1998",7,Maryland
DET,25-26,iveyja01,Jaden Ivey,False,23,SG,6-3,195,"February 13, 2002",3,Purdue
DET,25-26,jenkida01,Daniss Jenkins,False,24,PG,6-4,165,"August 17, 2001",1,"University of the Pacific,Odessa College,Iona College,St. John's"
DET,25-26,jonesco02,Colby Jones,False,00,SG,6-6,207,"May 28, 2002",2,Xavier
DET,25-26,jonesis01,Isaac Jones,False,13,PF,6-8,245,"July 11, 2000",1,"Wenatchee Valley College,Idaho,Washington State"
DET,25-26,klintbo01,Bobi Klintman,False,34,SF,6-9,225,"March 6, 2003",1,Wake Forest
DET,25-26,laniech01,Chaz Lanier,False,20,SG,6-3,206,"December 19, 2001",R,"University of North Florida,Tennessee"
DET,25-26,leverca01,Caris LeVert,False,8,SG,6-7,205,"August 25, 1994",9,Michigan
DET,25-26,moorewe01,Wendell Moore Jr.,False,14,SG,6-5,215,"September 18, 2001",3,Duke
DET,25-26,reedpa01,Paul Reed,False,7,C,6-9,210,"June 14, 1999",5,DePaul
DET,25-26,robindu01,Duncan Robinson,False,55,SG,6-7,215,"April 22, 1994",7,"Williams,Michigan"
DET,25-26,sassema01,Marcus Sasser,False,25,PG,6-1,195,"September 21, 2000",2,Houston
DET,25-26,smithto05,Tolu Smith,False,35,PF,6-11,254,"July 26, 2000",1,"Western Kentucky,Mississippi State"
DET,25-26,stewais01,Isaiah Stewart,False,28,C,6-8,250,"May 22, 2001",5,Washington
DET,25-26,thompau01,Ausar Thompson,False,9,SF,6-7,205,"January 30, 2003",2,
GSW,25-26,bassech01,Charles Bassey,False,28,C,6-10,230,"October 28, 2000",4,Western Kentucky
GSW,25-26,butleji01,Jimmy Butler,False,10,SF,6-6,230,"September 14, 1989",14,"Tyler Junior College,Marquette"
GSW,25-26,cryerlj01,LJ Cryer,False,18,PG,6-1,202,"October 9, 2001",R,"Baylor,Houston"
GSW,25-26,curryse01,Seth Curry,False,31,SG,6-1,185,"August 23, 1990",11,"Liberty,Duke"
GSW,25-26,curryst01,Stephen Curry,False,30,PG,6-2,185,"March 14, 1988",16,Davidson
GSW,25-26,greendr01,Draymond Green,False,23,PF,6-6,230,"March 4, 1990",13,Michigan State
GSW,25-26,hieldbu01,Buddy Hield,False,7,SG,6-4,220,"December 17, 1992",9,Oklahoma
GSW,25-26,horfoal01,Al Horford,False,20,C,6-8,240,"June 3, 1986",18,Florida
GSW,25-26,jackstr02,Trayce Jackson-Davis,False,32,C,6-9,245,"February 22, 2000",2,Indiana
GSW,25-26,kuminjo01,Jonathan Kuminga,False,1,PF,6-7,225,"October 6, 2002",4,
GSW,25-26,leonsma01,Malevy Leons,False,33,SF,6-9,210,"September 23, 1999",1,"Mineral Area College,Bradley"
GSW,25-26,meltode01,De'Anthony Melton,False,8,PG,6-2,200,"May 28, 1998",7,USC
GSW,25-26,moodymo01,Moses Moody,False,4,SG,6-5,211,"May 31, 2002",4,Arkansas
GSW,25-26,paytoga02,Gary Payton II,False,0,SG,6-2,195,"December 1, 1992",9,Oregon State
GSW,25-26,podzibr01,Brandin Podziemski,False,2,SG,6-4,205,"February 25, 2003",2,"Illinois,Santa Clara"
GSW,25-26,porzikr01,Kristaps Porziņģis,False,7,C,7-2,240,"August 2, 1995",9,
GSW,25-26,postqu01,Quinten Post,False,21,PF,7-0,238,"March 21, 2000",1,"Mississippi State,Boston College"
GSW,25-26,richawi02,Will Richard,False,3,SG,6-3,206,"December 24, 2002",R,"Belmont,Florida"
GSW,25-26,santogu01,Gui Santos,False,15,PF,6-7,185,"June 22, 2002",2,
GSW,25-26,spencpa01,Pat Spencer,False,61,PG,6-2,205,"July 4, 1996",2,"Loyola (MD),Northwestern"
GSW,25-26,willije02,Nate Williams,False,19,SG,6-5,205,"February 12, 1999",3,Buffalo
GSW,25-26,yurtsom01,Omer Yurtseven,False,77,C,6-11,275,"June 19, 1998",3,"NC State,Georgetown"
HOU,25-26,adamsst01,Steven Adams,False,12,C,6-11,265,"July 20, 1993",11,Pitt
HOU,25-26,capelca01,Clint Capela,False,30,C,6-10,256,"May 18, 1994",11,
HOU,25-26,crawfis01,Isaiah Crawford,False,27,SF,6-6,220,"November 1, 2001",1,Louisiana Tech
HOU,25-26,davisjd01,JD Davison,False,4,PG,6-1,195,"October 3, 2002",3,Alabama
HOU,25-26,duranke01,Kevin Durant,False,7,SF,6-11,240,"September 29, 1988",17,Texas
HOU,25-26,easonta01,Tari Eason,False,17,PF,6-8,215,"May 10, 2001",3,"Cincinnati,LSU"
HOU,25-26,finnedo01,Dorian Finney-Smith,False,2,PF,6-7,220,"May 4, 1993",9,Florida
HOU,25-26,greenje02,Jeff Green,False,32,PF,6-8,235,"August 28, 1986",17,Georgetown
HOU,25-26,holidaa01,Aaron Holiday,False,0,PG,6-0,185,"September 30, 1996",7,UCLA
HOU,25-26,newtotr01,Tristen Newton,False,00,SG,6-5,190,"April 26, 2001",1,"East Carolina University,UConn"
HOU,25-26,okogijo01,Josh Okogie,False,20,SG,6-4,213,"September 1, 1998",7,Georgia Tech
HOU,25-26,sengual01,Alperen Şengün,False,28,C,6-11,243,"July 25, 2002",4,
HOU,25-26,sheppre01,Reed Sheppard,False,15,SG,6-2,185,"June 24, 2004",1,Kentucky
HOU,25-26,smithja05,Jabari Smith Jr.,False,10,PF,6-11,220,"May 13, 2003",3,Auburn
HOU,25-26,tateja01,Jae'Sean Tate,False,8,SF,6-4,230,"October 28, 1995",5,Ohio State
HOU,25-26,thompam01,Amen Thompson,False,1,PG,6-7,200,"January 30, 2003",2,
IND,25-26,bradlto01,Tony Bradley,False,13,C,6-10,248,"January 8, 1998",7,UNC
IND,25-26,brownko01,Kobe Brown,False,24,PF,6-7,250,"January 1, 2000",2,Missouri
IND,25-26,dennira01,RayJ Dennis,False,10,PG,6-1,180,"March 30, 2001",1,"Boise State,Toledo,Baylor"
IND,25-26,furphjo01,Johnny Furphy,False,12,SG,6-8,200,"December 8, 2004",1,Kansas
IND,25-26,huffja01,Jay Huff,False,32,C,7-1,240,"August 25, 1998",4,Virginia
IND,25-26,jacksis01,Isaiah Jackson,False,22,C,6-8,205,"January 10, 2002",4,Kentucky
IND,25-26,jacksqu01,Quenton Jackson,False,29,PG,6-4,173,"September 15, 1998",3,Texas A&M
IND,25-26,joneska03,Kam Jones,False,7,SG,6-4,200,"February 25, 2002",R,Marquette
IND,25-26,martico01,Cody Martin,False,11,SF,6-6,205,"September 28, 1995",6,"NC State,Nevada"
IND,25-26,mathega01,Garrison Mathews,False,24,SG,6-5,215,"October 24, 1996",6,Lipscomb
IND,25-26,mathube01,Bennedict Mathurin,False,00,SF,6-5,210,"June 19, 2002",3,Arizona
IND,25-26,mccluma01,Mac McClung,False,3,SG,6-2,185,"January 6, 1999",3,"Georgetown,Texas Tech"
IND,25-26,mccontj01,T.J. McConnell,False,9,PG,6-1,190,"March 25, 1992",10,"Duquesne,Arizona"
IND,25-26,morrimo01,Monte Morris,False,3,PG,6-2,183,"June 27, 1995",8,Iowa State
IND,25-26,nembhan01,Andrew Nembhard,False,2,PG,6-4,191,"January 16, 2000",3,"Florida,Gonzaga"
IND,25-26,nesmiaa01,Aaron Nesmith,False,23,SF,6-5,215,"October 16, 1999",5,Vanderbilt
IND,25-26,peterta01,Taelon Peter,False,4,SG,6-3,185,"February 27, 2002",R,"Tennessee Technological University,Arkansas Tech University,Liberty"
IND,25-26,pottemi01,Micah Potter,False,11,C,6-9,248,"April 6, 1998",4,"Ohio State,Wisconsin"
IND,25-26,robinje02,Jeremiah Robinson-Earl,False,25,PF,6-9,240,"November 3, 2000",4,Villanova
IND,25-26,sheppbe01,Ben Sheppard,False,26,SG,6-6,190,"July 16, 2001",2,Belmont
IND,25-26,siakapa01,Pascal Siakam,False,43,PF,6-8,245,"April 2, 1994",9,New Mexico State
IND,25-26,slawsja01,Jalen Slawson,False,18,SF,6-7,215,"October 22, 1999",1,Furman University
IND,25-26,thompet01,Ethan Thompson,False,55,SG,6-4,195,"May 4, 1999",R,Oregon State
IND,25-26,toppiob01,Obi Toppin,False,1,PF,6-9,220,"March 4, 1998",5,Dayton
IND,25-26,walkeja02,Jarace Walker,False,5,PF,6-7,235,"September 4, 2003",2,Houston
IND,25-26,wisemja01,James Wiseman,False,11,C,6-11,240,"March 31, 2001",4,Memphis
IND,25-26,zubaciv01,Ivica Zubac,False,40,C,7-0,240,"March 18, 1997",9,
LAC,25-26,baldwpa01,Patrick Baldwin Jr.,False,23,SF,7-0,220,"November 18, 2002",3,UW-Milwaukee
LAC,25-26,bantoda01,Dalano Banton,False,45,PG,6-8,203,"November 7, 1999",4,Nebraska
LAC,25-26,batumni01,Nicolas Batum,False,33,PF,6-7,230,"December 14, 1988",17,
LAC,25-26,bealbr01,Bradley Beal,False,0,SG,6-4,207,"June 28, 1993",13,Florida
LAC,25-26,bogdabo01,Bogdan Bogdanović,False,"7, 10",SG,6-5,225,"August 18, 1992",8,
LAC,25-26,brownko01,Kobe Brown,False,24,PF,6-7,250,"January 1, 2000",2,Missouri
LAC,25-26,chrisca02,Cam Christie,False,12,SG,6-5,190,"July 24, 2005",1,Minnesota
LAC,25-26,collijo01,John Collins,False,20,PF,6-9,226,"September 23, 1997",8,Wake Forest
LAC,25-26,dennira01,RayJ Dennis,False,7,PG,6-1,180,"March 30, 2001",1,"Boise State,Toledo,Baylor"
LAC,25-26,dunnkr01,Kris Dunn,False,8,PG,6-3,205,"March 18, 1994",9,Providence
LAC,25-26,garlada01,Darius Garland,False,10,PG,6-1,192,"January 26, 2000",6,Vanderbilt
LAC,25-26,hardeja01,James Harden,False,1,PG,6-5,220,"August 26, 1989",16,Arizona State
LAC,25-26,jacksis01,Isaiah Jackson,False,23,C,6-8,205,"January 10, 2002",4,Kentucky
LAC,25-26,jonesde02,Derrick Jones Jr.,False,5,SF,6-6,210,"February 15, 1997",9,UNLV
LAC,25-26,konanya01,Yanic Konan Niederhäuser,False,14,C,6-11,242,"March 14, 2003",R,"Northern Illinois,Penn State"
LAC,25-26,leonaka01,Kawhi Leonard,False,2,SF,6-6,225,"June 29, 1991",13,San Diego State
LAC,25-26,lopezbr01,Brook Lopez,False,11,C,7-1,282,"April 1, 1988",17,Stanford
LAC,25-26,mathube01,Bennedict Mathurin,False,9,SF,6-5,210,"June 19, 2002",3,Arizona
LAC,25-26,millejo02,Jordan Miller,False,22,SF,6-5,194,"January 23, 2000",2,"George Mason,Miami (FL)"
LAC,25-26,omierno01,Norchad Omier,False,55,PF,6-5,248,"August 28, 2001",R,"Arkansas State University,Miami (FL),Baylor"
LAC,25-26,paulch01,Chris Paul,False,3,PG,6-0,175,"May 6, 1985",20,Wake Forest
LAC,25-26,pedulse01,Sean Pedulla,False,00,PG,6-1,195,"October 10, 2002",R,"Virginia Tech,Ole Miss"
LAC,25-26,sandeko01,Kobe Sanders,False,4,SG,6-8,207,"May 30, 2002",R,"Cal Poly,Nevada"
LAC,25-26,telfoja01,Jahmyl Telfort,False,19,PF,6-7,225,"April 30, 2001",R,"Northeastern University,Butler"
LAC,25-26,washity02,TyTy Washington Jr.,False,15,PG,6-3,195,"November 15, 2001",3,Kentucky
LAC,25-26,zubaciv01,Ivica Zubac,False,40,C,7-0,240,"March 18, 1997",9,
LAL,25-26,aytonde01,Deandre Ayton,False,5,C,7-0,252,"July 23, 1998",7,Arizona
LAL,25-26,bufkiko01,Kobe Bufkin,False,18,SG,6-4,195,"September 21, 2003",2,Michigan
LAL,25-26,doncilu01,Luka Dončić,False,77,PG,6-8,230,"February 28, 1999",7,
LAL,25-26,hachiru01,Rui Hachimura,False,28,PF,6-8,230,"February 8, 1998",6,Gonzaga
LAL,25-26,hayesja02,Jaxson Hayes,False,11,C,7-0,220,"May 23, 2000",6,Texas
LAL,25-26,jamesbr02,Bronny James,False,9,SG,6-2,210,"October 6, 2004",1,USC
LAL,25-26,jamesle01,LeBron James,False,23,SF,6-9,250,"December 30, 1984",22,
LAL,25-26,kennalu01,Luke Kennard,False,10,SG,6-5,206,"June 24, 1996",8,Duke
LAL,25-26,klebima01,Maxi Kleber,False,14,PF,6-10,240,"January 29, 1992",8,
LAL,25-26,knechda01,Dalton Knecht,False,4,SF,6-6,215,"April 19, 2001",1,"Northeastern Junior College,University of Northern Colorado,Tennessee"
LAL,25-26,kolokch01,Christian Koloko,False,10,C,6-11,225,"June 20, 2000",2,Arizona
LAL,25-26,laravja01,Jake LaRavia,False,12,PF,6-7,235,"November 3, 2001",3,"Indiana State University,Wake Forest"
LAL,25-26,manonch01,Chris Mañon,False,30,SG,6-4,209,"December 9, 2001",R,"Cornell,Vanderbilt"
LAL,25-26,reaveau01,Austin Reaves,False,15,SG,6-5,197,"May 29, 1998",4,"Wichita State,Oklahoma"
LAL,25-26,smartma01,Marcus Smart,False,36,SG,6-3,220,"March 6, 1994",11,Oklahoma State
LAL,25-26,smithni01,Nick Smith Jr.,False,20,SG,6-2,185,"April 18, 2004",2,Arkansas
LAL,25-26,thierad01,Adou Thiero,False,1,SF,6-7,220,"May 8, 2004",R,"Kentucky,Arkansas"
LAL,25-26,timmedr01,Drew Timme,False,17,PF,6-9,235,"September 9, 2000",1,Gonzaga
LAL,25-26,vandeja01,Jarred Vanderbilt,False,2,PF,6-8,214,"April 3, 1999",7,Kentucky
LAL,25-26,vincega01,Gabe Vincent,False,7,PG,6-2,200,"June 14, 1996",6,UC Santa Barbara
MEM,25-26,aldamsa01,Santi Aldama,False,7,PF,7-0,215,"January 10, 2001",4,Loyola (MD)
MEM,25-26,anderky01,Kyle Anderson,False,5,SF,6-8,230,"September 20, 1993",11,UCLA
MEM,25-26,balad01,Adama-Alpha Bal,False,72,SG,6-7,190,"December 18, 2003",R,"Arizona,Santa Clara"
MEM,25-26,bassech01,Charles Bassey,False,28,C,6-10,230,"October 28, 2000",4,Western Kentucky
MEM,25-26,burtoty01,Tyler Burton,False,5,SF,6-7,215,"February 11, 2000",R,"Richmond,Villanova"
MEM,25-26,caldwke01,Kentavious Caldwell-Pope,False,3,SG,6-5,204,"February 18, 1993",12,Georgia
MEM,25-26,clarkbr01,Brandon Clarke,False,15,PF,6-8,215,"September 19, 1996",6,"San Jose State,Gonzaga"
MEM,25-26,claytwa01,Walter Clayton,False,4,PG,6-4,195,"March 6, 2003",R,"Iona College,Florida"
MEM,25-26,cowarce01,Cedric Coward,False,23,SG,6-5,206,"September 11, 2003",R,"Willamette University,Eastern Washington,Washington State"
MEM,25-26,edeyza01,Zach Edey,False,14,C,7-3,305,"May 14, 2002",1,Purdue
MEM,25-26,gibsota01,Taj Gibson,False,67,C,6-9,232,"June 24, 1985",16,USC
MEM,25-26,hallpj01,PJ Hall,False,16,C,6-8,245,"February 21, 2002",1,Clemson
MEM,25-26,hendrta01,Taylor Hendricks,False,22,PF,6-9,215,"November 22, 2003",2,Central Florida
MEM,25-26,jacksgg01,GG Jackson II,False,45,PF,6-9,210,"December 17, 2004",2,South Carolina
MEM,25-26,jacksja02,Jaren Jackson Jr.,False,8,C,6-10,242,"September 15, 1999",7,Michigan State
MEM,25-26,jarrede01,DeJon Jarreau,False,77,SG,6-5,185,"January 23, 1998",2,"UMass,Houston"
MEM,25-26,jeromty01,Ty Jerome,False,2,SG,6-5,195,"July 8, 1997",6,Virginia
MEM,25-26,kolokch01,Christian Koloko,False,35,C,6-11,225,"June 20, 2000",2,Arizona
MEM,25-26,konchjo01,John Konchar,False,46,SG,6-5,210,"March 22, 1996",6,Purdue-Fort Wayne
MEM,25-26,landajo01,Jock Landale,False,31,C,6-11,255,"October 25, 1995",4,Saint Mary's
MEM,25-26,loverla01,Lawson Lovering,False,34,C,7-0,245,"May 9, 2003",R,"Colorado,Utah"
MEM,25-26,mashaja01,Jahmai Mashack,False,21,SG,6-4,203,"November 10, 2002",R,Tennessee
MEM,25-26,moranja01,Ja Morant,False,12,PG,6-2,174,"August 10, 1999",6,Murray State
MEM,25-26,okanito01,Toby Okani,False,5,SG,6-8,210,"October 5, 2001",R,"Duquesne,University of Illinois at Chicago,West Virginia"
MEM,25-26,pippesc02,Scotty Pippen Jr.,False,1,PG,6-2,170,"November 10, 2000",3,Vanderbilt
MEM,25-26,prospol01,Olivier-Maxence Prosper,False,18,PF,6-7,230,"July 3, 2002",2,"Clemson,Marquette"
MEM,25-26,ruperra01,Rayan Rupert,False,32,SG,6-7,205,"May 31, 2004",2,
MEM,25-26,smallja01,Javon Small,False,10,PG,6-1,190,"December 19, 2002",R,"East Carolina University,Oklahoma State,West Virginia"
MEM,25-26,spencca01,Cam Spencer,False,24,SG,6-3,205,"April 6, 2000",1,"Loyola (MD),Rutgers University,UConn"
MEM,25-26,wellsja01,Jaylen Wells,False,0,SG,6-7,206,"August 26, 2003",1,"Sonoma State University,Washington State"
MEM,25-26,whiteda01,Dariq Whitehead,False,00,SF,6-6,220,"August 1, 2004",2,Duke
MEM,25-26,willivi01,Vince Williams Jr.,False,5,PG,6-4,205,"August 30, 2000",3,VCU
MEM,25-26,willilu01,Lucas Williamson,False,55,SG,6-4,205,"January 28, 1999",R,Loyola Chicago
MIA,25-26,adebaba01,Bam Adebayo,False,13,C,6-9,255,"July 18, 1997",8,Kentucky
MIA,25-26,fontesi01,Simone Fontecchio,False,0,SF,6-7,209,"December 9, 1995",3,
MIA,25-26,gardnmy01,Myron Gardner,False,15,SF,6-5,220,"May 21, 2001",R,"South Plains College,Georgetown,Little Rock"
MIA,25-26,goldivl01,Vladislav Goldin,False,50,C,7-0,250,"May 12, 2001",R,"Texas Tech,Florida Atlantic University,Michigan"
MIA,25-26,herroty01,Tyler Herro,False,14,SG,6-5,195,"January 20, 2000",6,Kentucky
MIA,25-26,jakucka01,Kasparas Jakučionis,False,25,PG,6-5,200,"May 29, 2006",R,Illinois
MIA,25-26,jaqueja01,Jaime Jaquez Jr.,False,11,SF,6-6,225,"February 18, 2001",2,UCLA
MIA,25-26,johnske10,Keshad Johnson,False,16,SF,6-6,225,"June 23, 2001",1,"San Diego State,Arizona"
MIA,25-26,jovicni01,Nikola Jović,False,5,PF,6-10,205,"June 9, 2003",3,
MIA,25-26,keelstr01,Trevor Keels,False,8,SG,6-3,215,"August 26, 2003",1,Duke
MIA,25-26,larsspe01,Pelle Larsson,False,9,SG,6-5,215,"February 23, 2001",1,"Utah,Arizona"
MIA,25-26,mitchda01,Davion Mitchell,False,45,PG,6-0,202,"September 5, 1998",4,"Auburn,Baylor"
MIA,25-26,powelno01,Norman Powell,False,24,SG,6-3,215,"May 25, 1993",10,UCLA
MIA,25-26,smithdr01,Dru Smith,False,12,SG,6-2,203,"December 30, 1997",3,"University of Evansville,Missouri"
MIA,25-26,wareke01,Kel'el Ware,False,7,C,7-0,230,"April 20, 2004",1,"Oregon,Indiana"
MIA,25-26,wiggian01,Andrew Wiggins,False,22,SF,6-6,197,"February 23, 1995",11,Kansas
MIA,25-26,youngja05,Jahmir Young,False,17,PG,6-0,185,"October 7, 2000",1,"UNC Charlotte,Maryland"
MIL,25-26,antetal01,Alex Antetokounmpo,False,29,SF,6-8,214,"August 27, 2001",R,
MIL,25-26,antetgi01,Giannis Antetokounmpo,False,34,PF,6-11,243,"December 6, 1994",12,
MIL,25-26,antetth01,Thanasis Antetokounmpo,False,43,SF,6-7,219,"July 18, 1992",6,
MIL,25-26,anthoco01,Cole Anthony,False,50,PG,6-2,185,"May 15, 2000",5,UNC
MIL,25-26,coffeam01,Amir Coffey,False,17,SG,6-7,210,"June 17, 1997",6,Minnesota
MIL,25-26,diengou01,Ousmane Dieng,False,21,C,6-9,185,"May 21, 2003",3,
MIL,25-26,greenaj01,A.J. Green,False,20,SG,6-4,190,"September 27, 1999",3,University of Northern Iowa
MIL,25-26,harriga01,Gary Harris,False,11,SG,6-4,210,"September 14, 1994",11,Michigan State
MIL,25-26,jacksan01,Andre Jackson Jr.,False,44,SG,6-6,209,"November 13, 2001",2,UConn
MIL,25-26,kuzmaky01,Kyle Kuzma,False,18,PF,6-8,221,"July 24, 1995",8,Utah
MIL,25-26,nancepe01,Pete Nance,False,35,PF,6-9,225,"February 19, 2000",2,"Northwestern,UNC"
MIL,25-26,porteke02,Kevin Porter Jr.,False,7,PG,6-5,203,"May 4, 2000",5,USC
MIL,25-26,portibo01,Bobby Portis,False,9,PF,6-9,250,"February 10, 1995",10,Arkansas
MIL,25-26,princta02,Taurean Prince,False,12,SF,6-6,218,"March 22, 1994",9,Baylor
MIL,25-26,rolliry01,Ryan Rollins,False,13,PG,6-3,180,"July 3, 2002",3,Toledo
MIL,25-26,ryanco01,Cormac Ryan,False,30,SG,6-5,195,"October 26, 1998",R,"Stanford,Notre Dame,UNC"
MIL,25-26,searsma01,Mark Sears,False,19,PG,6-0,185,"February 19, 2002",R,"Ohio University,Alabama"
MIL,25-26,simsje01,Jericho Sims,False,00,C,6-10,250,"October 20, 1998",4,Texas
MIL,25-26,thomaca02,Cam Thomas,False,24,SG,6-3,210,"October 13, 2001",4,LSU
MIL,25-26,trentga02,Gary Trent Jr.,False,5,SG,6-5,204,"January 18, 1999",7,Duke
MIL,25-26,turnemy01,Myles Turner,False,3,C,6-11,250,"March 24, 1996",10,Texas
MIN,25-26,anderky01,Kyle Anderson,False,12,SF,6-8,230,"September 20, 1993",11,UCLA
MIN,25-26,berinjo01,Joan Beringer,False,19,PF,6-11,230,"November 11, 2006",R,
MIN,25-26,clarkja02,Jaylen Clark,False,22,SG,6-5,205,"October 13, 2001",1,UCLA
MIN,25-26,conlemi01,Mike Conley,False,10,PG,6-1,175,"October 11, 1987",18,Ohio State
MIN,25-26,dilliro01,Rob Dillingham,False,4,PG,6-2,175,"January 4, 2005",1,Kentucky
MIN,25-26,divindo01,Donte DiVincenzo,False,0,SG,6-4,203,"January 31, 1997",7,Villanova
MIN,25-26,dosunay01,Ayo Dosunmu,False,13,SG,6-4,200,"January 17, 2000",4,Illinois
MIN,25-26,edwaran01,Anthony Edwards,False,5,SG,6-4,225,"August 5, 2001",5,Georgia
MIN,25-26,freemen01,Enrique Freeman,False,25,PF,6-9,220,"July 29, 2000",1,University of Akron
MIN,25-26,goberru01,Rudy Gobert,False,27,C,7-1,258,"June 26, 1992",12,
MIN,25-26,hylanbo01,Bones Hyland,False,8,PG,6-2,169,"September 14, 2000",4,VCU
MIN,25-26,inglejo01,Joe Ingles,False,7,SF,6-8,220,"October 2, 1987",11,
MIN,25-26,juzanjo01,Johnny Juzang,False,9,SG,6-7,226,"March 17, 2001",3,"Kentucky,UCLA"
MIN,25-26,mcdanja02,Jaden McDaniels,False,3,PF,6-9,185,"September 29, 2000",5,Washington
MIN,25-26,millele01,Leonard Miller,False,33,SF,6-10,220,"November 26, 2003",2,
MIN,25-26,phillju01,Julian Phillips,False,4,SF,6-6,198,"November 5, 2003",2,Tennessee
MIN,25-26,pullizy01,Zyon Pullin,False,15,SG,6-4,206,"March 3, 2001",1,"University of California, Riverside,Florida"
MIN,25-26,randlju01,Julius Randle,False,30,PF,6-9,250,"November 29, 1994",11,Kentucky
MIN,25-26,reidna01,Naz Reid,False,11,C,6-9,264,"August 26, 1999",6,LSU
MIN,25-26,shannte01,Terrence Shannon Jr.,False,1,SG,6-6,215,"July 30, 2000",1,"Texas Tech,Illinois"
MIN,25-26,zikarro01,Rocco Zikarsky,False,44,C,7-3,227,"July 11, 2006",R,
NOP,25-26,alexatr01,Trey Alexander,False,23,SG,6-5,185,"May 2, 2003",1,Creighton
NOP,25-26,alvarjo01,Jose Alvarado,False,15,PG,6-0,179,"April 12, 1998",4,Georgia Tech
NOP,25-26,beysa01,Saddiq Bey,False,41,SF,6-8,215,"April 9, 1999",4,Villanova
NOP,25-26,dickihu01,Hunter Dickinson,False,4,C,7-1,255,"November 25, 2000",R,"Michigan,Kansas"
NOP,25-26,fearsje01,Jeremiah Fears,False,0,PG,6-3,190,"October 14, 2006",R,Oklahoma
NOP,25-26,hawkijo01,Jordan Hawkins,False,24,SG,6-5,190,"April 29, 2002",2,UConn
NOP,25-26,joneshe01,Herbert Jones,False,2,SF,6-7,206,"October 6, 1998",4,Alabama
NOP,25-26,jordade01,DeAndre Jordan,False,"6, 9",C,6-11,265,"July 21, 1988",17,Texas A&M
NOP,25-26,looneke01,Kevon Looney,False,55,C,6-9,222,"February 6, 1996",10,UCLA
NOP,25-26,matkoka01,Karlo Matković,False,17,PF,6-10,231,"March 30, 2001",1,
NOP,25-26,mcgowbr01,Bryce McGowens,False,11,SG,6-6,190,"November 8, 2002",3,Nebraska
NOP,25-26,missiyv01,Yves Missi,False,21,C,6-11,235,"May 14, 2004",1,Baylor
NOP,25-26,murphtr02,Trey Murphy III,False,25,SF,6-8,206,"June 18, 2000",4,"Rice University,Virginia"
NOP,25-26,murrade01,Dejounte Murray,False,5,PG,6-4,180,"September 19, 1996",8,Washington
NOP,25-26,odurojo01,Josh Oduro,False,13,PF,6-9,240,"October 14, 2000",R,"George Mason,Providence"
NOP,25-26,peavymi01,Micah Peavy,False,14,SG,6-7,215,"July 16, 2001",R,"Texas Tech,TCU,Georgetown"
NOP,25-26,poolejo01,Jordan Poole,False,3,PG,6-4,194,"June 19, 1999",6,Michigan
NOP,25-26,queende01,Derik Queen,False,22,C,6-9,250,"December 27, 2004",R,Maryland
NOP,25-26,willizi01,Zion Williamson,False,1,PF,6-6,284,"July 6, 2000",5,Duke
NYK,25-26,alvarjo01,Jose Alvarado,False,5,PG,6-0,179,"April 12, 1998",4,Georgia Tech
NYK,25-26,anunoog01,OG Anunoby,False,8,PF,6-7,240,"July 17, 1997",8,Indiana
NYK,25-26,bridgmi01,Mikal Bridges,False,25,SF,6-6,209,"August 30, 1996",7,Villanova
NYK,25-26,brunsja01,Jalen Brunson,False,11,PG,6-2,190,"August 31, 1996",7,Villanova
NYK,25-26,clarkjo01,Jordan Clarkson,False,00,SG,6-5,194,"June 7, 1992",11,"Tulsa,Missouri"
NYK,25-26,dadiepa01,Pacôme Dadiet,False,4,SG,6-9,210,"July 27, 2005",1,
NYK,25-26,diawamo01,Mohamed Diawara,False,51,SF,6-9,225,"April 29, 2005",R,
NYK,25-26,evbuoto01,Tosan Evbuomwan,False,20,SF,6-8,217,"February 16, 2001",2,Princeton
NYK,25-26,hartjo01,Josh Hart,False,3,SF,6-5,215,"March 6, 1995",8,Villanova
NYK,25-26,hukpoar01,Ariel Hukporti,False,55,C,7-0,246,"April 12, 2002",1,
NYK,25-26,jemistr01,Trey Jemison,False,50,C,6-10,270,"November 28, 1999",2,"Clemson,UAB"
NYK,25-26,jonesdi01,Dillon Jones,False,1,SF,6-5,235,"October 29, 2001",1,Weber State
NYK,25-26,kolekty01,Tyler Kolek,False,13,PG,6-2,195,"March 27, 2001",1,"George Mason,Marquette"
NYK,25-26,mcbrimi01,Miles McBride,False,2,SG,6-2,195,"September 8, 2000",4,West Virginia
NYK,25-26,mcculke01,Kevin McCullar Jr.,False,9,SF,6-6,210,"March 15, 2001",1,"Texas Tech,Kansas"
NYK,25-26,robinmi01,Mitchell Robinson,False,23,C,7-0,240,"April 1, 1998",7,Western Kentucky
NYK,25-26,shamela01,Landry Shamet,False,44,SG,6-5,190,"March 13, 1997",7,Wichita State
NYK,25-26,sochaje01,Jeremy Sochan,False,20,PF,6-8,230,"May 20, 2003",3,Baylor
NYK,25-26,townska01,Karl-Anthony Towns,False,32,C,7-0,248,"November 15, 1995",10,Kentucky
NYK,25-26,yabusgu01,Guerschon Yabusele,False,28,C,6-7,265,"December 17, 1995",3,
OKC,25-26,barnhbr01,Brooks Barnhizer,False,23,SG,6-5,230,"March 2, 2002",R,Northwestern
OKC,25-26,boehebu01,Buddy Boeheim,False,14,SF,6-5,205,"November 11, 1999",2,Syracuse
OKC,25-26,carlsbr01,Branden Carlson,False,15,C,7-0,220,"June 14, 1999",1,Utah
OKC,25-26,carusal01,Alex Caruso,False,9,SG,6-5,186,"February 28, 1994",8,Texas A&M
OKC,25-26,diengou01,Ousmane Dieng,False,13,C,6-9,185,"May 21, 2003",3,
OKC,25-26,dortlu01,Luguentz Dort,False,5,SF,6-4,220,"April 19, 1999",6,Arizona State
OKC,25-26,gilgesh01,Shai Gilgeous-Alexander,False,2,PG,6-6,195,"July 12, 1998",7,Kentucky
OKC,25-26,harteis01,Isaiah Hartenstein,False,55,C,7-0,250,"May 5, 1998",7,
OKC,25-26,holmgch01,Chet Holmgren,False,7,PF,7-1,208,"May 1, 2002",2,Gonzaga
OKC,25-26,joeis01,Isaiah Joe,False,11,SG,6-4,165,"July 2, 1999",5,Arkansas
OKC,25-26,mccaija01,Jared McCain,False,3,SG,6-3,195,"February 20, 2004",1,Duke
OKC,25-26,mitchaj01,Ajay Mitchell,False,25,SG,6-4,190,"June 25, 2002",1,UC Santa Barbara
OKC,25-26,sandfpa01,Payton Sandfort,False,14,SF,6-7,215,"December 4, 2002",R,Iowa
OKC,25-26,topicni01,Nikola Topić,False,44,PG,6-6,200,"August 10, 2005",R,
OKC,25-26,wallaca01,Cason Wallace,False,22,SG,6-3,195,"November 7, 2003",2,Kentucky
OKC,25-26,wiggiaa01,Aaron Wiggins,False,21,SG,6-5,190,"January 2, 1999",4,Maryland
OKC,25-26,willija06,Jalen Williams,False,8,SG,6-5,211,"April 14, 2001",3,Santa Clara
OKC,25-26,willija07,Jaylin Williams,False,6,PF,6-9,240,"June 29, 2002",3,Arkansas
OKC,25-26,willike04,Kenrich Williams,False,34,PF,6-7,210,"December 2, 1994",7,TCU
OKC,25-26,youngch01,Chris Youngblood,False,3,SG,6-4,221,"February 9, 2002",R,"Kennesaw State University,South Florida,Alabama"
ORL,25-26,banchpa01,Paolo Banchero,False,5,PF,6-10,250,"November 12, 2002",3,Duke
ORL,25-26,banede01,Desmond Bane,False,3,SG,6-6,215,"June 25, 1998",5,TCU
ORL,25-26,bitadgo01,Goga Bitadze,False,35,C,6-11,250,"July 20, 1999",6,
ORL,25-26,blackan01,Anthony Black,False,0,PG,6-7,200,"January 20, 2004",2,Arkansas
ORL,25-26,cainja01,Jamal Cain,False,8,SF,6-7,191,"March 20, 1999",3,"Marquette,Oakland"
ORL,25-26,carteje01,Jevon Carter,False,2,PG,6-0,200,"September 14, 1995",7,West Virginia
ORL,25-26,cartewe01,Wendell Carter Jr.,False,34,C,6-10,270,"April 16, 1999",7,Duke
ORL,25-26,castlco01,Colin Castleton,False,14,C,6-10,250,"May 25, 2000",2,"Michigan,Florida"
ORL,25-26,dasiltr01,Tristan Da Silva,False,23,SF,6-8,217,"May 15, 2001",1,Colorado
ORL,25-26,howarje01,Jett Howard,False,13,SF,6-8,215,"September 14, 2003",2,Michigan
ORL,25-26,isaacjo01,Jonathan Isaac,False,1,PF,6-10,230,"October 3, 1997",6,Florida State
ORL,25-26,jonesty01,Tyus Jones,False,2,PG,6-0,196,"May 10, 1996",10,Duke
ORL,25-26,moralal01,Alex Morales,False,30,PG,6-6,180,"November 21, 1997",R,"Prince George Community College,Wagner College"
ORL,25-26,pendano01,Noah Penda,False,93,SF,6-7,215,"January 7, 2005",R,
ORL,25-26,richaja02,Jase Richardson,False,11,SG,6-1,180,"October 16, 2005",R,Michigan State
ORL,25-26,robinor01,Orlando Robinson,False,7,C,6-10,235,"July 10, 2000",3,Fresno State
ORL,25-26,suggsja01,Jalen Suggs,False,4,PG,6-5,205,"June 3, 2001",4,Gonzaga
ORL,25-26,wagnefr01,Franz Wagner,False,22,SF,6-10,220,"August 27, 2001",4,Michigan
ORL,25-26,wagnemo01,Moritz Wagner,False,21,C,6-11,245,"April 26, 1997",7,Michigan
PHI,25-26,baldwpa01,Patrick Baldwin Jr.,False,35,SF,7-0,220,"November 18, 2002",3,UW-Milwaukee
PHI,25-26,barlodo01,Dominick Barlow,False,25,PF,6-9,215,"May 26, 2003",3,
PHI,25-26,bassech01,Charles Bassey,False,28,C,6-10,230,"October 28, 2000",4,Western Kentucky
PHI,25-26,beaucma01,MarJon Beauchamp,False,16,SF,6-7,199,"October 12, 2000",3,Yakima Valley Community College
PHI,25-26,bonaad01,Adem Bona,False,30,C,6-10,235,"March 28, 2003",1,UCLA
PHI,25-26,broomjo01,Johni Broome,False,22,C,6-10,235,"July 19, 2002",R,"Morehead State University,Auburn"
PHI,25-26,drumman01,Andre Drummond,False,1,C,6-11,279,"August 10, 1993",13,UConn
PHI,25-26,edgecvj01,VJ Edgecombe,False,77,SG,6-4,180,"July 30, 2005",R,Baylor
PHI,25-26,edwarju01,Justin Edwards,False,11,SF,6-7,203,"December 16, 2003",1,Kentucky
PHI,25-26,embiijo01,Joel Embiid,False,21,C,7-0,280,"March 16, 1994",9,Kansas
PHI,25-26,georgpa01,Paul George,False,8,PF,6-8,220,"May 2, 1990",15,Fresno State
PHI,25-26,gordoer01,Eric Gordon,False,23,SG,6-3,215,"December 25, 1988",17,Indiana
PHI,25-26,grimequ01,Quentin Grimes,False,5,SG,6-4,210,"May 8, 2000",4,"Kansas,Houston"
PHI,25-26,lowryky01,Kyle Lowry,False,7,PG,6-0,196,"March 25, 1986",19,Villanova
PHI,25-26,martity01,Tyrese Martin,False,23,SG,6-6,215,"March 7, 1999",2,"Rhode Island,UConn"
PHI,25-26,maxeyty01,Tyrese Maxey,False,0,PG,6-2,200,"November 4, 2000",5,Kentucky
PHI,25-26,mccaija01,Jared McCain,False,20,SG,6-3,195,"February 20, 2004",1,Duke
PHI,25-26,oubreke01,Kelly Oubre Jr.,False,9,SF,6-8,203,"December 9, 1995",10,Kansas
PHI,25-26,payneca01,Cameron Payne,False,20,PG,6-2,183,"August 8, 1994",10,Murray State
PHI,25-26,sallihu01,Hunter Sallis,False,45,SG,6-4,185,"March 26, 2003",R,"Gonzaga,Wake Forest"
PHI,25-26,terryda01,Dalen Terry,False,14,SG,6-6,195,"July 12, 2002",3,Arizona
PHI,25-26,walkeja01,Jabari Walker,False,33,PF,6-7,237,"July 30, 2002",3,Colorado
PHI,25-26,watfotr01,Trendon Watford,False,12,PF,6-8,237,"November 9, 2000",4,LSU
PHO,25-26,allengr01,Grayson Allen,False,8,SG,6-3,198,"October 8, 1995",7,Duke
PHO,25-26,bookede01,Devin Booker,False,1,SG,6-5,206,"October 30, 1996",10,Kentucky
PHO,25-26,bouyeja01,Jamaree Bouyea,False,17,PG,6-2,180,"June 27, 1999",3,San Francisco
PHO,25-26,breako01,Koby Brea,False,14,SG,6-5,215,"November 6, 2002",R,"Dayton,Kentucky"
PHO,25-26,brookdi01,Dillon Brooks,False,3,SF,6-7,225,"January 22, 1996",8,Oregon
PHO,25-26,coffeam01,Amir Coffey,False,2,SG,6-7,210,"June 17, 1997",6,Minnesota
PHO,25-26,dunnry01,Ryan Dunn,False,0,SF,6-7,216,"January 7, 2003",1,Virginia
PHO,25-26,flemira01,Rasheer Fleming,False,20,PF,6-9,240,"July 10, 2004",R,Saint Joseph's
PHO,25-26,gilleco01,Collin Gillespie,False,12,PG,6-1,195,"June 25, 1999",2,Villanova
PHO,25-26,goodwjo01,Jordan Goodwin,False,23,PG,6-3,215,"October 23, 1998",4,Saint Louis
PHO,25-26,greenja05,Jalen Green,False,4,SG,6-4,186,"February 9, 2002",4,
PHO,25-26,hayesni01,Nigel Hayes-Davis,False,21,SF,6-7,254,"December 16, 1994",1,Wisconsin
PHO,25-26,highsha01,Haywood Highsmith,False,19,SF,6-5,220,"December 9, 1996",5,Wheeling University
PHO,25-26,huntlcj01,CJ Huntley,False,22,SF,6-9,190,"January 6, 2002",R,Appalachian State University
PHO,25-26,ighodos01,Oso Ighodaro,False,11,PF,6-11,235,"July 14, 2002",1,Marquette
PHO,25-26,liveris01,Isaiah Livers,False,18,PF,6-6,232,"July 28, 1998",3,Michigan
PHO,25-26,maluakh01,Khaman Maluach,False,10,C,7-1,250,"September 14, 2006",R,Duke
PHO,25-26,onealro01,Royce O'Neale,False,00,SF,6-6,226,"June 5, 1993",8,"Denver,Baylor"
PHO,25-26,richani01,Nick Richards,False,2,C,6-11,245,"November 29, 1997",5,Kentucky
PHO,25-26,willima07,Mark Williams,False,15,C,7-1,240,"December 16, 2001",3,Duke
POR,25-26,avdijde01,Deni Avdija,False,8,SF,6-8,228,"January 3, 2001",5,
POR,25-26,camarto01,Toumani Camara,False,33,PF,6-7,230,"May 8, 2000",2,"Georgia,Dayton"
POR,25-26,cissosi01,Sidy Cissoko,False,91,SF,6-6,220,"April 2, 2004",2,
POR,25-26,clingdo01,Donovan Clingan,False,23,C,7-2,280,"February 23, 2004",1,UConn
POR,25-26,cookeja01,Javonte Cooke,False,18,SG,6-6,185,"July 11, 1999",R,"University of South Carolina Aiken,Mars Hill University,Winston-Salem State"
POR,25-26,grantje01,Jerami Grant,False,9,PF,6-7,213,"March 12, 1994",11,Syracuse
POR,25-26,yangha01,Yang Hansen,False,16,C,7-1,270,"June 26, 2005",R,
POR,25-26,hendesc01,Scoot Henderson,False,00,PG,6-3,207,"February 3, 2004",2,
POR,25-26,holidjr01,Jrue Holiday,False,5,PG,6-4,220,"June 12, 1990",16,UCLA
POR,25-26,kentja01,Jayson Kent,False,29,SF,6-8,215,"February 3, 2002",R,"Bradley,Indiana State University,Texas"
POR,25-26,krejcvi01,Vít Krejčí,False,27,PG,6-8,195,"June 19, 2000",4,
POR,25-26,loveca01,Caleb Love,False,2,SG,6-3,212,"September 27, 2001",R,"UNC,Arizona"
POR,25-26,murrakr01,Kris Murray,False,24,SF,6-8,218,"August 19, 2000",2,Iowa
POR,25-26,reathdu01,Duop Reath,False,26,C,6-9,245,"June 26, 1996",2,"Lee College,LSU"
POR,25-26,ruperra01,Rayan Rupert,False,21,SG,6-7,205,"May 31, 2004",2,
POR,25-26,sharpsh01,Shaedon Sharpe,False,17,SG,6-5,210,"May 30, 2003",3,Kentucky
POR,25-26,thybuma01,Matisse Thybulle,False,4,SG,6-5,202,"March 4, 1997",6,Washington
POR,25-26,weslebl01,Blake Wesley,False,1,SG,6-4,190,"March 16, 2003",3,Notre Dame
POR,25-26,williro04,Robert Williams,False,35,C,6-9,249,"October 17, 1997",7,Texas A&M
POR,25-26,youngch01,Chris Youngblood,False,11,SG,6-4,221,"February 9, 2002",R,"Kennesaw State University,South Florida,Alabama"
SAC,25-26,achiupr01,Precious Achiuwa,False,9,C,6-8,243,"September 19, 1999",5,Memphis
SAC,25-26,baldwpa01,Patrick Baldwin Jr.,False,23,SF,7-0,220,"November 18, 2002",3,UW-Milwaukee
SAC,25-26,cardwdy01,Dylan Cardwell,False,32,C,6-10,255,"December 16, 2001",R,Auburn
SAC,25-26,cartede02,Devin Carter,False,22,PG,6-2,195,"March 18, 2002",1,"South Carolina,Providence"
SAC,25-26,cliffni01,Nique Clifford,False,5,SG,6-5,175,"February 9, 2002",R,"Colorado,Colorado State"
SAC,25-26,derozde01,DeMar DeRozan,False,10,PF,6-6,220,"August 7, 1989",16,USC
SAC,25-26,elliske01,Keon Ellis,False,23,SG,6-4,175,"January 8, 2000",3,"Florida SouthWestern State College,Alabama"
SAC,25-26,eubandr01,Drew Eubanks,False,19,C,6-10,245,"February 1, 1997",7,Oregon State
SAC,25-26,hayeski01,Killian Hayes,False,3,PG,6-4,195,"July 27, 2001",5,
SAC,25-26,huntede01,De'Andre Hunter,False,15,SF,6-7,221,"December 2, 1997",6,Virginia
SAC,25-26,jeffrda01,DaQuan Jeffries,False,25,SG,6-5,222,"August 30, 1997",6,"Oral Roberts,Tulsa"
SAC,25-26,jonesis01,Isaac Jones,False,3,PF,6-8,245,"July 11, 2000",1,"Wenatchee Valley College,Idaho,Washington State"
SAC,25-26,lavinza01,Zach LaVine,False,8,SG,6-5,200,"March 10, 1995",11,UCLA
SAC,25-26,mcderdo01,Doug McDermott,False,7,SF,6-7,225,"January 3, 1992",11,Creighton
SAC,25-26,monkma01,Malik Monk,False,0,SG,6-3,200,"February 4, 1998",8,Kentucky
SAC,25-26,murrake02,Keegan Murray,False,13,PF,6-8,225,"August 19, 2000",3,Iowa
SAC,25-26,plowdda01,Daeqwon Plowden,False,29,SG,6-4,216,"August 29, 1998",1,Bowling Green
SAC,25-26,raynama01,Maxime Raynaud,False,42,C,7-1,250,"April 7, 2003",R,Stanford
SAC,25-26,sabondo01,Domantas Sabonis,False,11,C,6-10,240,"May 3, 1996",9,Gonzaga
SAC,25-26,saricda01,Dario Šarić,False,20,C,6-10,225,"April 8, 1994",8,
SAC,25-26,schrode01,Dennis Schröder,False,17,PG,6-1,175,"September 15, 1993",12,
SAC,25-26,steveis01,Isaiah Stevens,False,24,PG,5-11,185,"November 1, 2000",1,Colorado State
SAC,25-26,westbru01,Russell Westbrook,False,18,SF,6-4,200,"November 12, 1988",17,UCLA
SAS,25-26,barneha02,Harrison Barnes,False,40,PF,6-7,225,"May 30, 1992",13,UNC
SAS,25-26,biyombi01,Bismack Biyombo,False,18,C,6-8,255,"August 28, 1992",14,
SAS,25-26,bryanca01,Carter Bryant,False,11,PF,6-6,220,"November 26, 2005",R,Arizona
SAS,25-26,castlst01,Stephon Castle,False,5,PG,6-6,215,"November 1, 2004",1,UConn
SAS,25-26,champju02,Julian Champagnie,False,30,SF,6-7,217,"June 29, 2001",3,St. John's
SAS,25-26,foxde01,De'Aaron Fox,False,4,PG,6-3,185,"December 20, 1997",8,Kentucky
SAS,25-26,harpedy01,Dylan Harper,False,2,SG,6-5,215,"March 2, 2006",R,Rutgers University
SAS,25-26,ingraha01,Harrison Ingram,False,55,SF,6-5,230,"November 27, 2002",1,"Stanford,UNC"
SAS,25-26,johnske04,Keldon Johnson,False,3,SF,6-6,220,"October 11, 1999",6,Kentucky
SAS,25-26,jonesda06,David Jones García,False,25,SF,6-4,210,"November 24, 2001",R,"DePaul,St. John's,Memphis"
SAS,25-26,kornelu01,Luke Kornet,False,7,C,7-1,250,"July 15, 1995",8,Vanderbilt
SAS,25-26,mclaujo01,Jordan McLaughlin,False,0,PG,5-11,185,"April 9, 1996",6,USC
SAS,25-26,minixri01,Riley Minix,False,27,SF,6-7,230,"September 22, 2000",1,"Southeastern University,Morehead State University"
SAS,25-26,olynyke01,Kelly Olynyk,False,8,C,7-0,240,"April 19, 1991",12,Gonzaga
SAS,25-26,plumlma01,Mason Plumlee,False,45,C,7-0,254,"March 5, 1990",12,Duke
SAS,25-26,sochaje01,Jeremy Sochan,False,10,PF,6-8,230,"May 20, 2003",3,Baylor
SAS,25-26,umudest01,Stanley Umude,False,17,SG,6-6,210,"April 12, 1999",3,"South Dakota,Arkansas"
SAS,25-26,vassede01,Devin Vassell,False,24,SG,6-5,200,"August 23, 2000",5,Florida State
SAS,25-26,waterli01,Lindy Waters III,False,43,SG,6-5,210,"July 28, 1997",4,Oklahoma State
SAS,25-26,wembavi01,Victor Wembanyama,False,1,C,7-4,235,"January 4, 2004",2,
TOR,25-26,agbajoc01,Ochai Agbaji,False,30,SG,6-5,215,"April 20, 2000",3,Kansas
TOR,25-26,bambamo01,Mo Bamba,False,11,C,7-0,231,"May 12, 1998",7,Texas
TOR,25-26,barnesc01,Scottie Barnes,False,4,PF,6-8,237,"August 1, 2001",4,Florida State
TOR,25-26,barrerj01,RJ Barrett,False,9,SF,6-6,214,"June 14, 2000",6,Duke
TOR,25-26,battlja01,Jamison Battle,False,77,SF,6-7,220,"May 10, 2001",1,"George Washington,Minnesota,Ohio State"
TOR,25-26,dickgr01,Gradey Dick,False,1,SG,6-7,200,"November 20, 2003",2,Kansas
TOR,25-26,fultzma01,Markelle Fultz,False,20,PG,6-4,209,"May 29, 1998",8,Washington
TOR,25-26,hepbuch01,Chucky Hepburn,False,24,PG,6-0,190,"February 9, 2003",R,"Wisconsin,Louisville"
TOR,25-26,ingrabr01,Brandon Ingram,False,3,SF,6-8,190,"September 2, 1997",9,Duke
TOR,25-26,jackstr02,Trayce Jackson-Davis,False,32,C,6-9,245,"February 22, 2000",2,Indiana
TOR,25-26,lawsoaj01,A.J. Lawson,False,0,SG,6-6,179,"July 15, 2000",3,South Carolina
TOR,25-26,mamuksa01,Sandro Mamukelashvili,False,54,C,6-9,240,"May 23, 1999",4,Seton Hall
TOR,25-26,martial01,Alijah Martin,False,55,SG,6-2,210,"December 26, 2001",R,"Florida Atlantic University,Florida"
TOR,25-26,mogbojo01,Jonathan Mogbo,False,2,PF,6-9,225,"October 29, 2001",1,"Missouri State,San Francisco"
TOR,25-26,murraco01,Collin Murray-Boyles,False,12,PF,6-7,245,"June 10, 2005",R,South Carolina
TOR,25-26,poeltja01,Jakob Poeltl,False,19,C,7-0,253,"October 15, 1995",9,Utah
TOR,25-26,quickim01,Immanuel Quickley,False,5,PG,6-2,190,"June 17, 1999",5,Kentucky
TOR,25-26,sheadja01,Jamal Shead,False,23,PG,6-1,200,"June 24, 2002",1,Houston
TOR,25-26,templga01,Garrett Temple,False,17,SG,6-5,195,"May 8, 1986",15,LSU
TOR,25-26,walteja01,Ja'Kobe Walter,False,14,SG,6-4,180,"September 4, 2004",1,Baylor
UTA,25-26,anderky01,Kyle Anderson,False,2,SF,6-8,230,"September 20, 1993",11,UCLA
UTA,25-26,baileac01,Ace Bailey,False,19,SF,6-9,200,"August 13, 2006",R,Rutgers University
UTA,25-26,bambamo01,Mo Bamba,False,11,C,7-0,231,"May 12, 1998",7,Texas
UTA,25-26,chandke01,Kennedy Chandler,False,0,PG,6-0,170,"September 16, 2002",1,Tennessee
UTA,25-26,claytwa01,Walter Clayton,False,13,PG,6-4,195,"March 6, 2003",R,"Iona College,Florida"
UTA,25-26,colliis01,Isaiah Collier,False,8,PG,6-4,210,"October 8, 2004",1,USC
UTA,25-26,filipky01,Kyle Filipowski,False,22,C,6-11,250,"November 7, 2003",1,Duke
UTA,25-26,garcian01,Andersson Garcia,False,0,SF,6-7,220,"August 23, 2000",R,"Mississippi State,Texas A&M"
UTA,25-26,georgke01,Keyonte George,False,3,PG,6-4,185,"November 8, 2003",2,Baylor
UTA,25-26,grayha01,Hayden Gray,False,33,SG,6-4,190,"May 11, 2003",R,UC San Diego
UTA,25-26,harklej01,Elijah Harkless,False,16,SG,6-3,195,"February 3, 2000",1,"Cal State Northridge,Oklahoma,UNLV"
UTA,25-26,hendrta01,Taylor Hendricks,False,0,PF,6-9,215,"November 22, 2003",2,Central Florida
UTA,25-26,hinsobl01,Blake Hinson,False,2,SF,6-8,240,"December 26, 1999",R,"Ole Miss,Iowa State,Pitt"
UTA,25-26,jacksja02,Jaren Jackson Jr.,False,20,C,6-10,242,"September 15, 1999",7,Michigan State
UTA,25-26,kesslwa01,Walker Kessler,False,24,C,7-2,245,"July 26, 2001",3,"UNC,Auburn"
UTA,25-26,konchjo01,John Konchar,False,55,SG,6-5,210,"March 22, 1996",6,Purdue-Fort Wayne
UTA,25-26,loveke01,Kevin Love,False,42,PF,6-10,251,"September 7, 1988",17,UCLA
UTA,25-26,markkla01,Lauri Markkanen,False,23,PF,7-1,240,"May 22, 1997",8,Arizona
UTA,25-26,mbengbe01,Bez Mbeng,False,21,SG,6-4,185,"May 2, 2003",R,Yale
UTA,25-26,mykhasv01,Svi Mykhailiuk,False,10,SF,6-7,205,"June 10, 1997",7,Kansas
UTA,25-26,nurkiju01,Jusuf Nurkić,False,30,C,6-11,290,"August 23, 1994",11,
UTA,25-26,sensabr01,Brice Sensabaugh,False,28,SF,6-6,235,"October 30, 2003",2,Ohio State
UTA,25-26,tshieos01,Oscar Tshiebwe,False,34,C,6-8,255,"November 27, 1999",2,"West Virginia,Kentucky"
UTA,25-26,willico04,Cody Williams,False,5,SG,6-8,190,"November 20, 2004",1,Colorado
UTA,25-26,willivi01,Vince Williams Jr.,False,0,SG,6-4,205,"August 30, 2000",3,VCU
WAS,25-26,baglema01,Marvin Bagley III,False,35,PF,6-10,235,"March 14, 1999",7,Duke
WAS,25-26,blackle01,Leaky Black,False,14,SF,6-6,209,"June 14, 1999",1,UNC
WAS,25-26,branhma01,Malaki Branham,False,8,SG,6-4,180,"May 12, 2003",3,Ohio State
WAS,25-26,carrica01,Bub Carrington,False,7,PG,6-4,190,"July 21, 2005",1,Pitt
WAS,25-26,champju01,Justin Champagnie,False,9,SF,6-6,206,"June 29, 2001",4,Pitt
WAS,25-26,coopesh01,Sharife Cooper,False,13,PG,6-0,176,"June 11, 2001",1,Auburn
WAS,25-26,coulibi01,Bilal Coulibaly,False,0,SG,6-7,195,"July 26, 2004",2,
WAS,25-26,georgky01,Kyshawn George,False,18,SF,6-8,200,"December 12, 2003",1,Miami (FL)
WAS,25-26,gilbeke01,Keshon Gilbert,False,55,PG,6-4,200,"June 30, 2003",R,"UNLV,Iowa State"
WAS,25-26,gillan01,Anthony Gill,False,16,PF,6-7,230,"October 17, 1992",5,"South Carolina,Virginia"
WAS,25-26,hardyja02,Jaden Hardy,False,8,SG,6-3,198,"July 5, 2002",3,
WAS,25-26,johnsaj01,AJ Johnson,False,4,SG,6-5,160,"December 1, 2004",1,
WAS,25-26,johnstr03,Tre Johnson,False,12,SG,6-5,190,"March 7, 2006",R,Texas
WAS,25-26,kispeco01,Corey Kispert,False,24,SF,6-6,224,"March 3, 1999",4,Gonzaga
WAS,25-26,labissk01,Skal Labissière,False,17,PF,6-10,235,"March 18, 1996",5,Kentucky
WAS,25-26,mccolcj01,CJ McCollum,False,3,SG,6-3,190,"September 19, 1991",12,Lehigh
WAS,25-26,middlkh01,Khris Middleton,False,22,SF,6-7,222,"August 12, 1991",13,Texas A&M
WAS,25-26,reeseju01,Julian Reese,False,15,PF,6-9,230,"June 30, 2003",R,Maryland
WAS,25-26,richmka01,Kadary Richmond,False,19,SG,6-5,205,"August 25, 2001",R,"Syracuse,Seton Hall,St. John's"
WAS,25-26,rileywi01,Will Riley,False,27,SF,6-9,180,"February 10, 2006",R,Illinois
WAS,25-26,sarral01,Alex Sarr,False,20,C,7-0,205,"April 26, 2005",1,
WAS,25-26,vukcetr01,Tristan Vukcevic,False,00,C,7-0,220,"March 11, 2003",2,
WAS,25-26,watkija01,Jamir Watkins,False,5,SG,6-6,210,"July 6, 2001",R,"VCU,Florida State"
WAS,25-26,whitmca01,Cam Whitmore,False,1,SF,6-6,230,"July 8, 2004",2,Villanova
WAS,25-26,willial06,Alondes Williams,False,31,SG,6-4,210,"June 19, 1999",3,"Triton College,Oklahoma,Wake Forest"
WAS,25-26,youngtr01,Trae Young,False,3,PG,6-2,164,"September 19, 1998",7,Oklahoma
